task,seed,model,repeat,rollout_length,backtrack_k,error_mean,error_std,error_sem,n_windows,n_samples,rollout_repeats,repeat_mean_std,repeat_mean_sem
walker2d-medium-replay-v2,0,adm,-1,1,,0.31246515986574136,0.8301494088205202,0.001312581465057559,20000,400000,20,0.06485742635810256,0.014502561418240393
walker2d-medium-replay-v2,0,adm,-1,2,,0.36185671932503355,0.9584224101873443,0.0015153988883700867,20000,400000,20,0.09681567451277069,0.021648642949804908
walker2d-medium-replay-v2,0,adm,-1,3,,0.43057245581367104,1.1149471483663216,0.001762886229773629,20000,400000,20,0.09656678641211157,0.02159298987861845
walker2d-medium-replay-v2,0,adm,-1,4,,0.4582341985358163,1.1778925065673167,0.0018624115797987806,20000,400000,20,0.11480110444570579,0.025670307343265145
walker2d-medium-replay-v2,0,adm,-1,5,,0.5238911076716813,1.3076699815417745,0.002067607784751175,20000,400000,20,0.10324252231118565,0.023085729805634978
walker2d-medium-replay-v2,0,adm,-1,6,,0.6243406262122179,1.5235692381610781,0.002408974482778267,20000,400000,20,0.09706704255213959,0.02170485055214488
walker2d-medium-replay-v2,0,adm,-1,7,,0.7150076380121284,1.7297797340484722,0.002735021904996742,20000,400000,20,0.10922344726670183,0.02442310528252089
walker2d-medium-replay-v2,0,adm,-1,8,,0.7750232589654062,1.8769039313590474,0.00296764568620946,20000,400000,20,0.13880802601253536,0.031038418198658813
walker2d-medium-replay-v2,0,adm,-1,9,,0.8330722311893839,2.0058415613344183,0.003171513979622546,20000,400000,20,0.12160809690027367,0.02719239712833934
walker2d-medium-replay-v2,0,adm,-1,10,,0.8967524800059984,2.150074598016611,0.003399566434501718,20000,400000,20,0.0890315092263538,0.01990805067695268
walker2d-medium-replay-v2,0,adm,-1,11,,1.0008931835474983,2.3516806000265498,0.0037183335126576636,20000,400000,20,0.10192315109849338,0.022790709433721357
walker2d-medium-replay-v2,0,adm,-1,12,,1.0546428343229042,2.4474953650395466,0.003869829958115105,20000,400000,20,0.11679533176489984,0.026116230128095653
walker2d-medium-replay-v2,0,adm,-1,13,,1.1393519695908227,2.6076629423432287,0.004123077133910468,20000,400000,20,0.10532657824560825,0.023551738879463057
walker2d-medium-replay-v2,0,adm,-1,14,,1.1600245068003876,2.6540623656171136,0.004196441063742319,20000,400000,20,0.10694341881409339,0.023913275421454275
walker2d-medium-replay-v2,0,adm,-1,15,,1.2082756527386955,2.7139129185455846,0.004291073096979534,20000,400000,20,0.10064227608348225,0.02250429707329676
walker2d-medium-replay-v2,0,adm,-1,16,,1.2765670983187245,2.808309051603732,0.004440326488367565,20000,400000,20,0.10557251185105171,0.023606731305435377
walker2d-medium-replay-v2,0,adm,-1,17,,1.3246777835795926,2.863258724072814,0.004527209549208838,20000,400000,20,0.07769252604505426,0.01737257695804142
walker2d-medium-replay-v2,0,adm,-1,18,,1.3957068427181116,2.946559597150974,0.004658919794212632,20000,400000,20,0.1140131050508048,0.025494105321942413
walker2d-medium-replay-v2,0,adm,-1,19,,1.4529201937944454,3.0252417094339745,0.004783327137176328,20000,400000,20,0.10981646624225401,0.024555708356649084
walker2d-medium-replay-v2,0,adm,-1,20,,1.5414255634976364,3.1449008599788253,0.004972524866477681,20000,400000,20,0.10764528592368015,0.024070217678275004
walker2d-medium-replay-v2,0,adm,-1,21,,1.5654248915341167,3.1590725475776664,0.004994932272028032,20000,400000,20,0.11549546808180529,0.025825571772407387
walker2d-medium-replay-v2,0,adm,-1,22,,1.6423680815807875,3.2663260440710986,0.005164514939996096,20000,400000,20,0.1181772410312109,0.02642523443391649
walker2d-medium-replay-v2,0,adm,-1,23,,1.7195309804300107,3.3651052644881645,0.005320698601002964,20000,400000,20,0.116528108042379,0.026056477087219938
walker2d-medium-replay-v2,0,adm,-1,24,,1.8127442615509153,3.5271180082083085,0.005576863241067362,20000,400000,20,0.13813724263380311,0.030888426475356584
walker2d-medium-replay-v2,0,adm,-1,25,,1.893787435208472,3.6249885405258646,0.005731610140035659,20000,400000,20,0.1503583617611062,0.033621151788333845
walker2d-medium-replay-v2,0,adm,-1,26,,1.9387316361579563,3.671180764899816,0.005804646459641275,20000,400000,20,0.16456128588178753,0.03679702216964533
walker2d-medium-replay-v2,0,adm,-1,27,,2.0187743223540036,3.764826983974809,0.005952714132911317,20000,400000,20,0.16260020146390075,0.036358510362844286
walker2d-medium-replay-v2,0,adm,-1,28,,2.0810185256528815,3.830731333760865,0.006056918059429501,20000,400000,20,0.14996137944490395,0.03353238384384449
walker2d-medium-replay-v2,0,adm,-1,29,,2.132252887360334,3.8878654270788755,0.006147254992896261,20000,400000,20,0.14287435491938982,0.03194767698411871
walker2d-medium-replay-v2,0,adm,-1,30,,2.2238198537424942,4.009728421484305,0.006339937305301018,20000,400000,20,0.1518849549597875,0.03396250840495786
walker2d-medium-replay-v2,0,adm,-1,31,,2.303761827480924,4.117380872999807,0.0065101507765459345,20000,400000,20,0.12453563111417529,0.02784701367921338
walker2d-medium-replay-v2,0,adm,-1,32,,2.410964639519888,4.255700417958765,0.006728853180040119,20000,400000,20,0.17904691169288817,0.040036106570669985
walker2d-medium-replay-v2,0,adm,-1,33,,2.442922667554012,4.277171441701116,0.006762801849400808,20000,400000,20,0.16194598986315067,0.036212224201749674
walker2d-medium-replay-v2,0,adm,-1,34,,2.522870157528232,4.357601683621318,0.006889973228013904,20000,400000,20,0.17335446367213111,0.038763236497390295
walker2d-medium-replay-v2,0,adm,-1,35,,2.6192673530051365,4.474877163675253,0.007075402043343946,20000,400000,20,0.1264818431232694,0.02828219991430947
walker2d-medium-replay-v2,0,adm,-1,36,,2.7103783273020743,4.599229349379874,0.007272020112767362,20000,400000,20,0.16978163019195303,0.03796432664399376
walker2d-medium-replay-v2,0,adm,-1,37,,2.778822631626526,4.652741388785683,0.007356630076148883,20000,400000,20,0.13515627154281165,0.030221861075514722
walker2d-medium-replay-v2,0,adm,-1,38,,2.865691206264152,4.758530869311183,0.0075238979316221855,20000,400000,20,0.18863144598047116,0.042179273590641296
walker2d-medium-replay-v2,0,adm,-1,39,,2.9152583461083617,4.78800628710925,0.007570502659235664,20000,400000,20,0.16587985273951403,0.03709186268232081
walker2d-medium-replay-v2,0,adm,-1,40,,3.0437909407520176,4.957788554035963,0.007838951994133208,20000,400000,20,0.18244842364321393,0.040796707765390613
walker2d-medium-replay-v2,0,adm,-1,41,,3.126434868151459,5.04467623202471,0.007976333475657066,20000,400000,20,0.1615730584476699,0.036128834202153653
walker2d-medium-replay-v2,0,adm,-1,42,,3.244432746902328,5.173470021638169,0.008179974337488601,20000,400000,20,0.17344457688844375,0.03878338642512492
walker2d-medium-replay-v2,0,adm,-1,43,,3.2586006660071867,5.155158045624662,0.008151020561158075,20000,400000,20,0.18724660615893124,0.041869613992750104
walker2d-medium-replay-v2,0,adm,-1,44,,3.315169189182001,5.207420683459766,0.008233655047201785,20000,400000,20,0.14143011900909527,0.031624736017022224
walker2d-medium-replay-v2,0,adm,-1,45,,3.4408278929133576,5.379093418141554,0.008505093474073902,20000,400000,20,0.1907270340040036,0.04264786131798659
walker2d-medium-replay-v2,0,adm,-1,46,,3.5249652472343,5.452970039189032,0.008621902668247484,20000,400000,20,0.18175981137879285,0.04064272938205206
walker2d-medium-replay-v2,0,adm,-1,47,,3.5651663239046845,5.487058109192636,0.008675800639372809,20000,400000,20,0.13957343122624866,0.031209568007478383
walker2d-medium-replay-v2,0,adm,-1,48,,3.627330656055068,5.513355342294852,0.008717380215754498,20000,400000,20,0.15636790023496402,0.03496492544242849
walker2d-medium-replay-v2,0,adm,-1,49,,3.7378972729293816,5.6546608645198955,0.00894080386384984,20000,400000,20,0.17663707606015147,0.03949725094172994
walker2d-medium-replay-v2,0,adm,-1,50,,3.812556237273337,5.717495296868755,0.00904015382470292,20000,400000,20,0.15028396917657705,0.03360451710073094
walker2d-medium-replay-v2,0,adm,-1,51,,3.9026386055223936,5.823684792249965,0.009208054159197196,20000,400000,20,0.1496568499021911,0.033464288967978206
walker2d-medium-replay-v2,0,adm,-1,52,,3.971011948286831,5.864343999052407,0.00927234200987296,20000,400000,20,0.17815518066851496,0.039836709451855586
walker2d-medium-replay-v2,0,adm,-1,53,,4.054769640253027,5.950323616407679,0.00940828772146916,20000,400000,20,0.19479033036660312,0.043556442005936606
walker2d-medium-replay-v2,0,adm,-1,54,,4.0839882785325194,5.940435292966969,0.009392652909312623,20000,400000,20,0.15184595993590017,0.03395378885253823
walker2d-medium-replay-v2,0,adm,-1,55,,4.238521105640231,6.121697168506038,0.009679253099141333,20000,400000,20,0.20112570945215125,0.04497307583578822
walker2d-medium-replay-v2,0,adm,-1,56,,4.307279446341256,6.1755261159031,0.009764364138053388,20000,400000,20,0.2072099287180174,0.04633354862263728
walker2d-medium-replay-v2,0,adm,-1,57,,4.377907426926106,6.248807554261174,0.009880232265765758,20000,400000,20,0.1580992566362747,0.035352068503089494
walker2d-medium-replay-v2,0,adm,-1,58,,4.451867891553829,6.3018526048687855,0.009964103855025233,20000,400000,20,0.20987734223160856,0.046930000416686414
walker2d-medium-replay-v2,0,adm,-1,59,,4.514217572160976,6.346035968400924,0.010033963886749625,20000,400000,20,0.16077449794731302,0.035950270645859234
walker2d-medium-replay-v2,0,adm,-1,60,,4.607548027868117,6.420140363844356,0.010151133223865148,20000,400000,20,0.19099635613998356,0.04270808357837626
walker2d-medium-replay-v2,0,adm,-1,61,,4.699892424282119,6.514686613109219,0.01030062396981664,20000,400000,20,0.2043882649481323,0.04570260542272613
walker2d-medium-replay-v2,0,adm,-1,62,,4.784139390460907,6.564869756951916,0.01037997048716203,20000,400000,20,0.1989652680596806,0.04448998645429135
walker2d-medium-replay-v2,0,adm,-1,63,,4.859178312437745,6.6161794949820445,0.010461098306322913,20000,400000,20,0.14566685994935044,0.03257210009156891
walker2d-medium-replay-v2,0,adm,-1,64,,4.932686157206593,6.666082027808043,0.01054000113869365,20000,400000,20,0.1850749395743295,0.04138401458198667
walker2d-medium-replay-v2,0,adm,-1,65,,5.025726571760375,6.763348936912331,0.010693793625560711,20000,400000,20,0.19104164555277542,0.04271821059894262
walker2d-medium-replay-v2,0,adm,-1,66,,5.113667455630681,6.821434553080274,0.010785635048753212,20000,400000,20,0.16736934238472456,0.037424922692168086
walker2d-medium-replay-v2,0,adm,-1,67,,5.205528958270196,6.87313005598262,0.01086737281573284,20000,400000,20,0.21634196580509793,0.048375534192613395
walker2d-medium-replay-v2,0,adm,-1,68,,5.29158481655897,6.943653210096037,0.010978879713121574,20000,400000,20,0.2003581894727502,0.044801453150985215
walker2d-medium-replay-v2,0,adm,-1,69,,5.342286150571528,6.971269552346031,0.011022544984197934,20000,400000,20,0.14962333552150942,0.0334567949246354
walker2d-medium-replay-v2,0,adm,-1,70,,5.449895019456375,7.069556071655414,0.011177949616351822,20000,400000,20,0.1978159459725233,0.044232990222798786
walker2d-medium-replay-v2,0,adm,-1,71,,5.5695803352484825,7.17896418974578,0.011350939040190933,20000,400000,20,0.2422432453161689,0.05416723636171111
walker2d-medium-replay-v2,0,adm,-1,72,,5.6244122140907375,7.2000078277131,0.011384211953307298,20000,400000,20,0.15174196853040398,0.03393053566736171
walker2d-medium-replay-v2,0,adm,-1,73,,5.690010670229846,7.2311182904065605,0.011433401913893814,20000,400000,20,0.18172382948731283,0.040634683586521225
walker2d-medium-replay-v2,0,adm,-1,74,,5.848240812367058,7.403288108733417,0.011705626299018947,20000,400000,20,0.19794786055294541,0.0442624872197035
walker2d-medium-replay-v2,0,adm,-1,75,,5.9273520339890915,7.463068310910328,0.011800147097951146,20000,400000,20,0.20388176475776032,0.0455893485370973
walker2d-medium-replay-v2,0,adm,-1,76,,5.957757362589725,7.440362520554429,0.011764246091151682,20000,400000,20,0.20211507554136063,0.04519430481879874
walker2d-medium-replay-v2,0,adm,-1,77,,6.061315689166138,7.511758259672447,0.01187713266657374,20000,400000,20,0.21910985388697585,0.04899445278313245
walker2d-medium-replay-v2,0,adm,-1,78,,6.210267113674077,7.6745630066432975,0.012134549573731383,20000,400000,20,0.2321998264239447,0.05192145962475923
walker2d-medium-replay-v2,0,adm,-1,79,,6.253760602546207,7.681680916227889,0.01214580397696461,20000,400000,20,0.22279345885861263,0.04981813189501605
walker2d-medium-replay-v2,0,adm,-1,80,,6.411695265140451,7.838390954525541,0.012393584303581007,20000,400000,20,0.25154748293657475,0.05624772714151496
walker2d-medium-replay-v2,0,adm,-1,81,,6.436761160476528,7.785394868766257,0.012309790134544533,20000,400000,20,0.23831127908465427,0.05328802198382108
walker2d-medium-replay-v2,0,adm,-1,82,,6.544050202580835,7.875076399565159,0.012451589085232067,20000,400000,20,0.20879186865780294,0.046687281146805516
walker2d-medium-replay-v2,0,adm,-1,83,,6.670371044442738,7.972862379828824,0.012606202295664793,20000,400000,20,0.22859983751780827,0.0511164776335226
walker2d-medium-replay-v2,0,adm,-1,84,,6.7286224019119585,7.9926735020783966,0.012637526430321138,20000,400000,20,0.25725665801281916,0.05752433749810796
walker2d-medium-replay-v2,0,adm,-1,85,,6.813563701345616,8.04335407940302,0.012717659459060185,20000,400000,20,0.18928215920570504,0.0423247774911894
walker2d-medium-replay-v2,0,adm,-1,86,,6.966488988953711,8.194035962120825,0.012955908434815498,20000,400000,20,0.22978119650152942,0.05138063753286566
walker2d-medium-replay-v2,0,adm,-1,87,,7.0697940745123535,8.26472217056562,0.013067673143738986,20000,400000,20,0.3024054395957717,0.0676199119701852
walker2d-medium-replay-v2,0,adm,-1,88,,7.120071791290358,8.255841803099855,0.013053632049913451,20000,400000,20,0.20201714847623226,0.04517240766135234
walker2d-medium-replay-v2,0,adm,-1,89,,7.254536587137947,8.374571297437727,0.01324135986368732,20000,400000,20,0.2532784463983919,0.05663478233823411
walker2d-medium-replay-v2,0,adm,-1,90,,7.362007185049901,8.468722572483044,0.013390226100563408,20000,400000,20,0.17159992650527042,0.038370910059975255
walker2d-medium-replay-v2,0,adm,-1,91,,7.434832060921555,8.472665690586023,0.013396460717707637,20000,400000,20,0.22800896968007847,0.05098435556843439
walker2d-medium-replay-v2,0,adm,-1,92,,7.5438626401954565,8.55245938082248,0.013522625619736208,20000,400000,20,0.22423659843626417,0.05014082771468097
walker2d-medium-replay-v2,0,adm,-1,93,,7.719496299663359,8.702950488088351,0.013760572953016642,20000,400000,20,0.26750293612226467,0.05981547493501677
walker2d-medium-replay-v2,0,adm,-1,94,,7.8582119037260245,8.814287245457994,0.013936611823309446,20000,400000,20,0.33346984428417803,0.07456612402656917
walker2d-medium-replay-v2,0,adm,-1,95,,7.919294924468669,8.836561954565598,0.013971831230808309,20000,400000,20,0.2875384903170269,0.06429556104965371
walker2d-medium-replay-v2,0,adm,-1,96,,8.051651711510141,8.904106938967878,0.014078629228424185,20000,400000,20,0.2033736761069069,0.04547573646090686
walker2d-medium-replay-v2,0,adm,-1,97,,8.108062480397129,8.92605899240953,0.014113338472520864,20000,400000,20,0.2586891198108859,0.057844645693672835
walker2d-medium-replay-v2,0,adm,-1,98,,8.310331974285841,9.114165892171464,0.01441076159594121,20000,400000,20,0.2638332661585963,0.05899491178564161
walker2d-medium-replay-v2,0,adm,-1,99,,8.355044980713826,9.101754508495137,0.0143911374752755,20000,400000,20,0.3333393208246167,0.07453693809374541
walker2d-medium-replay-v2,0,adm,-1,100,,8.536161932201061,9.276827776429485,0.014667952617316229,20000,400000,20,0.36238927481943484,0.0810327052813109
walker2d-medium-replay-v2,0,ensemble,-1,1,,0.9693380828608549,1.9451581000046172,0.0030755650025700854,20000,400000,20,0.010560091579712246,0.0023613082620859717
walker2d-medium-replay-v2,0,ensemble,-1,2,,1.414897601699893,2.774737105299274,0.004387244580464085,20000,400000,20,0.010145581509456806,0.0022686209926410343
walker2d-medium-replay-v2,0,ensemble,-1,3,,1.7759493233232713,3.477337390606205,0.005498153173591104,20000,400000,20,0.019364789547731544,0.004330098579870514
walker2d-medium-replay-v2,0,ensemble,-1,4,,2.0649699063324167,3.9649299306165573,0.00626910467186085,20000,400000,20,0.01882485805746194,0.004209366228326954
walker2d-medium-replay-v2,0,ensemble,-1,5,,2.3738661566604007,4.493931374693954,0.0071055293962622315,20000,400000,20,0.020733912381943914,0.004636243752555117
walker2d-medium-replay-v2,0,ensemble,-1,6,,2.6854005135129055,5.058429994757501,0.007998080083973647,20000,400000,20,0.02571337707972286,0.005749685908134534
walker2d-medium-replay-v2,0,ensemble,-1,7,,3.0115374451170895,5.663836429749514,0.008955311706322359,20000,400000,20,0.02333237180384994,0.005217276942970785
walker2d-medium-replay-v2,0,ensemble,-1,8,,3.314245992809561,6.210423922420351,0.009819542415022578,20000,400000,20,0.038036696836896484,0.008505263976685176
walker2d-medium-replay-v2,0,ensemble,-1,9,,3.612313541805997,6.735887245886795,0.010650372879540461,20000,400000,20,0.03904819934099321,0.008731442812542331
walker2d-medium-replay-v2,0,ensemble,-1,10,,3.8895413519473117,7.220949998235751,0.011417324432306905,20000,400000,20,0.031472016817417785,0.007037356899276275
walker2d-medium-replay-v2,0,ensemble,-1,11,,4.145169931073748,7.649784743346327,0.012095371699490494,20000,400000,20,0.041974619078643395,0.009385810158950621
walker2d-medium-replay-v2,0,ensemble,-1,12,,4.381591162706467,8.018901114816408,0.012678995927241619,20000,400000,20,0.043843035737385745,0.009803600824874715
walker2d-medium-replay-v2,0,ensemble,-1,13,,4.597325762574202,8.332360626064657,0.013174618932135437,20000,400000,20,0.049759677078368036,0.011126602048566905
walker2d-medium-replay-v2,0,ensemble,-1,14,,4.807101524484817,8.600998438469999,0.013599372608558395,20000,400000,20,0.06564431276237505,0.01467851456729276
walker2d-medium-replay-v2,0,ensemble,-1,15,,5.025447990630827,8.920238435970493,0.014104135364722405,20000,400000,20,0.05875706163665987,0.013138478397771651
walker2d-medium-replay-v2,0,ensemble,-1,16,,5.241455253147504,9.243886617301047,0.014615868071510274,20000,400000,20,0.054609018259453454,0.012210947701266517
walker2d-medium-replay-v2,0,ensemble,-1,17,,5.462054937532182,9.520586245382038,0.015053368597738983,20000,400000,20,0.055246790552233936,0.012353557921348821
walker2d-medium-replay-v2,0,ensemble,-1,18,,5.684839626699964,9.848188212316677,0.015571352788471295,20000,400000,20,0.06209631433855578,0.013885158001320562
walker2d-medium-replay-v2,0,ensemble,-1,19,,5.915351709669556,10.25481367659307,0.016214284099339712,20000,400000,20,0.07329640061389502,0.016389573427872655
walker2d-medium-replay-v2,0,ensemble,-1,20,,6.14726061865968,10.690739022542033,0.0169035425908375,20000,400000,20,0.07836195043841011,0.017522264802975446
walker2d-medium-replay-v2,0,ensemble,-1,21,,6.36338521849379,11.054374639197151,0.01747850098433252,20000,400000,20,0.07305860953485732,0.016336401726155525
walker2d-medium-replay-v2,0,ensemble,-1,22,,6.590031618502067,11.400900733564443,0.01802640684777406,20000,400000,20,0.06694223884742401,0.014968739662886725
walker2d-medium-replay-v2,0,ensemble,-1,23,,6.8008617261226325,11.74240971593563,0.018566379960623682,20000,400000,20,0.0673310639861545,0.015055683607042942
walker2d-medium-replay-v2,0,ensemble,-1,24,,7.018921678197053,12.18779281907563,0.019270592479261727,20000,400000,20,0.07562599775302986,0.01691048718420211
walker2d-medium-replay-v2,0,ensemble,-1,25,,7.233176122100016,12.58946585569227,0.019905693314454125,20000,400000,20,0.0879553920421371,0.01966742355938626
walker2d-medium-replay-v2,0,ensemble,-1,26,,7.452491314230819,13.143707570613099,0.0207820264111679,20000,400000,20,0.09458091316400422,0.021148935120871813
walker2d-medium-replay-v2,0,ensemble,-1,27,,7.66336265754861,13.53690470197841,0.021403725663447306,20000,400000,20,0.1054661475637337,0.023582947527753237
walker2d-medium-replay-v2,0,ensemble,-1,28,,7.875376091623366,14.033840903134703,0.02218945078717005,20000,400000,20,0.09611852783248942,0.021492756213065185
walker2d-medium-replay-v2,0,ensemble,-1,29,,8.09989804343454,14.544469828920999,0.02299682600949494,20000,400000,20,0.09880754895766998,0.022094039615948857
walker2d-medium-replay-v2,0,ensemble,-1,30,,8.33496698433528,15.745713292997635,0.024896158694931354,20000,400000,20,0.1339801904990136,0.029958881359416586
walker2d-medium-replay-v2,0,ensemble,-1,31,,8.585365174361126,17.475776822827264,0.027631629320457495,20000,400000,20,0.1481056621658693,0.03311743284555024
walker2d-medium-replay-v2,0,ensemble,-1,32,,8.819439429880347,18.3033515074762,0.028940139789150606,20000,400000,20,0.1453238606151671,0.032495403108821805
walker2d-medium-replay-v2,0,ensemble,-1,33,,9.048645924641516,18.57294525348515,0.02936640492931321,20000,400000,20,0.14300384590850806,0.03197663204953292
walker2d-medium-replay-v2,0,ensemble,-1,34,,9.29527353064028,20.142048808311156,0.03184737548827175,20000,400000,20,0.15576693833575242,0.03483054627657604
walker2d-medium-replay-v2,0,ensemble,-1,35,,9.574308516032211,23.258424558614173,0.036774798196208595,20000,400000,20,0.18781476144687792,0.04199665737731258
walker2d-medium-replay-v2,0,ensemble,-1,36,,9.84884594211964,25.148575559779886,0.03976338933887421,20000,400000,20,0.18735322725215192,0.04189345519397778
walker2d-medium-replay-v2,0,ensemble,-1,37,,10.15653139240963,32.52609684144861,0.05142827470709311,20000,400000,20,0.26151963238570186,0.058477567546518484
walker2d-medium-replay-v2,0,ensemble,-1,38,,10.444308389290088,34.06256570019732,0.05385764528087583,20000,400000,20,0.2921841200961291,0.0653343554480907
walker2d-medium-replay-v2,0,ensemble,-1,39,,10.750883290263621,44.777888706892476,0.07080005856365601,20000,400000,20,0.37670543940764945,0.08423389700094322
walker2d-medium-replay-v2,0,ensemble,-1,40,,11.121240571829288,66.29341831336038,0.10481909787426841,20000,400000,20,0.5393206174078209,0.12059575621910439
walker2d-medium-replay-v2,0,ensemble,-1,41,,11.501836372475514,98.79215290156807,0.1562041090602837,20000,400000,20,0.7753990693461514,0.1733845028748068
walker2d-medium-replay-v2,0,ensemble,-1,42,,11.81408925027259,96.39595753681635,0.15241539152460704,20000,400000,20,0.7375397386091553,0.16491889916374974
walker2d-medium-replay-v2,0,ensemble,-1,43,,12.182097286626618,93.83893799095618,0.14837238863136326,20000,400000,20,0.6907971036215057,0.15446692823576527
walker2d-medium-replay-v2,0,ensemble,-1,44,,12.597044798698427,99.19651822533541,0.1568434667752318,20000,400000,20,0.7441265861021112,0.1663917630389171
walker2d-medium-replay-v2,0,ensemble,-1,45,,13.05446736759269,104.7290658425162,0.16559119264204614,20000,400000,20,0.7318522842469585,0.16364714570646977
walker2d-medium-replay-v2,0,ensemble,-1,46,,13.52738456750961,111.01003652935596,0.17552227928562902,20000,400000,20,0.7404220836833568,0.16556341111580236
walker2d-medium-replay-v2,0,ensemble,-1,47,,14.214021958431502,156.7855271711972,0.24789968500559964,20000,400000,20,1.0356378489476241,0.23157566303185464
walker2d-medium-replay-v2,0,ensemble,-1,48,,14.873800443022418,187.05309702284754,0.2957569149903296,20000,400000,20,1.1995560964206928,0.2682288974420961
walker2d-medium-replay-v2,0,ensemble,-1,49,,15.646644017142032,236.7845518180121,0.3743892492435408,20000,400000,20,1.5583334880377733,0.34845396108668164
walker2d-medium-replay-v2,0,ensemble,-1,50,,16.35204721133843,259.18524013043475,0.4098078473549253,20000,400000,20,1.7885761861988911,0.3999377935278042
walker2d-medium-replay-v2,0,ensemble,-1,51,,17.33409837085985,336.54251626555373,0.5321204404417069,20000,400000,20,2.474834284937379,0.5533897694167063
walker2d-medium-replay-v2,0,ensemble,-1,52,,18.426328222728205,517.3677898741286,0.8180303020048224,20000,400000,20,3.8924265762556707,0.8703730421934448
walker2d-medium-replay-v2,0,ensemble,-1,53,,20.08280789285572,838.561660674603,1.325882403112497,20000,400000,20,6.183186864247807,1.3826026146041859
walker2d-medium-replay-v2,0,ensemble,-1,54,,21.003769089923082,844.4097464834928,1.3351290386665968,20000,400000,20,6.215902287249022,1.3899180055785236
walker2d-medium-replay-v2,0,ensemble,-1,55,,22.310696357861907,804.6736623223702,1.2723007730439526,20000,400000,20,5.840852514420322,1.3060543268794411
walker2d-medium-replay-v2,0,ensemble,-1,56,,24.09530771422206,794.4498404588697,1.2561354913037084,20000,400000,20,5.479706872174504,1.2252997062954942
walker2d-medium-replay-v2,0,ensemble,-1,57,,25.530454338808525,889.9848596966581,1.4071896198534155,20000,400000,20,6.110810428467395,1.366418751566771
walker2d-medium-replay-v2,0,ensemble,-1,58,,28.38349756113555,1382.5318233657079,2.1859747497506166,20000,400000,20,9.645845001890377,2.156876512465347
walker2d-medium-replay-v2,0,ensemble,-1,59,,30.05754232315795,1144.7552709810013,1.8100170098916097,20000,400000,20,7.549960681463831,1.688222531120376
walker2d-medium-replay-v2,0,ensemble,-1,60,,33.09847750385611,1567.42430922585,2.4783154385348793,20000,400000,20,10.82561876228341,2.420681945096284
walker2d-medium-replay-v2,0,ensemble,-1,61,,38.10307915477754,2529.6477583684696,3.9997242971918143,20000,400000,20,17.63865624943583,3.9441234405489998
walker2d-medium-replay-v2,0,ensemble,-1,62,,40.94445707794257,2384.8743733575484,3.7708174765883187,20000,400000,20,16.64322789483129,3.7215388937863487
walker2d-medium-replay-v2,0,ensemble,-1,63,,44.11572070336598,2137.074327181819,3.379011201483218,20000,400000,20,15.41759972049458,3.447480102490764
walker2d-medium-replay-v2,0,ensemble,-1,64,,49.272049309583736,2569.907190824896,4.063380049125822,20000,400000,20,17.57175884903428,3.929164727067411
walker2d-medium-replay-v2,0,ensemble,-1,65,,53.80609931143098,2702.2776475146316,4.2726761181539405,20000,400000,20,17.407529214670827,3.8924418644317496
walker2d-medium-replay-v2,0,ensemble,-1,66,,62.753426952449196,3839.726590285009,6.071140808806393,20000,400000,20,24.987690091683184,5.587417364570155
walker2d-medium-replay-v2,0,ensemble,-1,67,,70.42453876780743,4427.023076388498,6.9997380877566195,20000,400000,20,28.872479306999157,6.456082640940613
walker2d-medium-replay-v2,0,ensemble,-1,68,,79.23369031260654,4611.669643078942,7.291689944192609,20000,400000,20,27.87194526582112,6.232356427952947
walker2d-medium-replay-v2,0,ensemble,-1,69,,108.3176883245954,12488.267395854602,19.745684500060072,20000,400000,20,83.66386986571123,18.70781002804265
walker2d-medium-replay-v2,0,ensemble,-1,70,,120.0145614373005,12228.748525454226,19.335349136930454,20000,400000,20,81.22756669452129,18.16303607758475
walker2d-medium-replay-v2,0,ensemble,-1,71,,143.0600544564056,17729.477383443864,28.03276512806253,20000,400000,20,120.34766526984426,26.91055604767623
walker2d-medium-replay-v2,0,ensemble,-1,72,,153.9382442865546,17959.61395096798,28.396642991197204,20000,400000,20,122.16122194192234,27.31607964765772
walker2d-medium-replay-v2,0,ensemble,-1,73,,170.78501935354384,17970.3522794074,28.413621779262968,20000,400000,20,117.99193153471857,26.38379797081318
walker2d-medium-replay-v2,0,ensemble,-1,74,,199.1341574748836,21162.988300887802,33.46162256315113,20000,400000,20,138.47947508211374,30.964951977209456
walker2d-medium-replay-v2,0,ensemble,-1,75,,215.0234367442049,21144.58436102399,33.432523379205925,20000,400000,20,146.30835736758357,32.715543275024906
walker2d-medium-replay-v2,0,ensemble,-1,76,,237.794559230977,21391.068170204868,33.82224850088887,20000,400000,20,148.61610157125403,33.23157056643373
walker2d-medium-replay-v2,0,ensemble,-1,77,,274.9243480365725,24447.84566875552,38.65543809877492,20000,400000,20,171.0886934476037,38.256594873046474
walker2d-medium-replay-v2,0,ensemble,-1,78,,308.38108712148846,27494.87335225194,43.47321188549259,20000,400000,20,186.7074284260815,41.74905018648948
walker2d-medium-replay-v2,0,ensemble,-1,79,,360.82256402530277,37463.63328776167,59.235205307314594,20000,400000,20,258.5111924203585,57.804859919645
walker2d-medium-replay-v2,0,ensemble,-1,80,,382.0783330245578,31951.865042090634,50.5203345116591,20000,400000,20,230.4340665857864,51.526623721753126
walker2d-medium-replay-v2,0,ensemble,-1,81,,450.55218410450084,41116.720026620096,65.01124259978927,20000,400000,20,317.4020014967932,70.97324515413196
walker2d-medium-replay-v2,0,ensemble,-1,82,,519.5522266462547,52946.15319620629,83.71521872210788,20000,400000,20,401.11800936594557,89.69271359416516
walker2d-medium-replay-v2,0,ensemble,-1,83,,668.4191035654229,85228.92363755971,134.75876060962588,20000,400000,20,590.3086058970478,131.99701704889318
walker2d-medium-replay-v2,0,ensemble,-1,84,,827.4815720618403,122332.08905528362,193.42401617062603,20000,400000,20,831.980490628115,186.0364932998092
walker2d-medium-replay-v2,0,ensemble,-1,85,,979.8122099036362,141000.094684552,222.9407247512925,20000,400000,20,981.5225929093178,219.47512391970878
walker2d-medium-replay-v2,0,ensemble,-1,86,,1041.0874203236194,148111.8207496752,234.1853509817806,20000,400000,20,1032.525394354839,230.87969702721972
walker2d-medium-replay-v2,0,ensemble,-1,87,,1082.1173899008863,128698.24330975323,203.4897898606736,20000,400000,20,888.2387552755163,198.61622370458542
walker2d-medium-replay-v2,0,ensemble,-1,88,,1212.3127457957614,126655.98800229188,200.26070069310092,20000,400000,20,896.3787634419706,200.43638486434494
walker2d-medium-replay-v2,0,ensemble,-1,89,,1320.284133157313,117280.65001140026,185.4369897505387,20000,400000,20,862.3016293498082,192.81650603349988
walker2d-medium-replay-v2,0,ensemble,-1,90,,1428.2081305568634,124833.06370046451,197.37840429517757,20000,400000,20,922.1090449760509,206.18985072338606
walker2d-medium-replay-v2,0,ensemble,-1,91,,1623.0509183688225,131665.05399934165,208.1807294434907,20000,400000,20,1019.7628483280055,228.02590497902278
walker2d-medium-replay-v2,0,ensemble,-1,92,,1909.0110276480495,163418.96174927737,258.38806599382536,20000,400000,20,1318.546292508696,294.8359141529766
walker2d-medium-replay-v2,0,ensemble,-1,93,,2116.4901768898567,181546.3863150075,287.0500408641233,20000,400000,20,1398.9695370928819,312.8190983391097
walker2d-medium-replay-v2,0,ensemble,-1,94,,2491.0544996893636,232628.73756493232,367.81832995737904,20000,400000,20,1699.8127554057667,380.0896870108517
walker2d-medium-replay-v2,0,ensemble,-1,95,,2688.334880935318,223387.5911577768,353.20679453853245,20000,400000,20,1624.6628188352797,363.2856503432111
walker2d-medium-replay-v2,0,ensemble,-1,96,,3409.7349588148745,379539.2123503997,600.1041861867858,20000,400000,20,2812.3379839488166,628.8578907814266
walker2d-medium-replay-v2,0,ensemble,-1,97,,4031.2065336112732,449273.5810206081,710.3639042826586,20000,400000,20,3438.7985072725633,768.9387223186257
walker2d-medium-replay-v2,0,ensemble,-1,98,,4645.325227895473,611809.724998455,967.356112818187,20000,400000,20,4433.483992736576,991.3571584916166
walker2d-medium-replay-v2,0,ensemble,-1,99,,5884.098121364003,944793.6685693276,1493.8499557926561,20000,400000,20,7006.042036730982,1566.5986247351552
walker2d-medium-replay-v2,0,ensemble,-1,100,,6771.501655702913,1118357.7445180384,1768.2788557828442,20000,400000,20,7903.363863451822,1767.2458849593638
walker2d-medium-replay-v2,0,rnn,-1,1,,0.10984278606938498,0.3544460164185412,0.0005604283597280136,20000,400000,20,0.049553715707721366,0.011080547686016406
walker2d-medium-replay-v2,0,rnn,-1,2,,0.18354607437424278,0.5884467545680359,0.0009304160130845424,20000,400000,20,0.06535449882910595,0.01461371020173113
walker2d-medium-replay-v2,0,rnn,-1,3,,0.2447730882633568,0.7484041636340427,0.0011833308837184667,20000,400000,20,0.0641212781374442,0.014337953671949632
walker2d-medium-replay-v2,0,rnn,-1,4,,0.3077623618615629,0.8964949828694692,0.001417483028390578,20000,400000,20,0.06440703319443233,0.014401850445183611
walker2d-medium-replay-v2,0,rnn,-1,5,,0.38339100445681507,1.0901715266282237,0.0017237125322040446,20000,400000,20,0.07031858526307265,0.015723713672984536
walker2d-medium-replay-v2,0,rnn,-1,6,,0.45805642698980925,1.237364385373624,0.001956444876677494,20000,400000,20,0.06980983699023294,0.015609954100834017
walker2d-medium-replay-v2,0,rnn,-1,7,,0.5461910417607748,1.439728287094722,0.002276410299496063,20000,400000,20,0.07866386655371477,0.01758977529870783
walker2d-medium-replay-v2,0,rnn,-1,8,,0.6328479511499682,1.6286675241012871,0.0025751494636536225,20000,400000,20,0.08459668190406712,0.018916393140842043
walker2d-medium-replay-v2,0,rnn,-1,9,,0.7106401561200391,1.800059745815526,0.0028461443605804046,20000,400000,20,0.0799164360762436,0.017869858358599725
walker2d-medium-replay-v2,0,rnn,-1,10,,0.7890944806711645,1.9599248465906378,0.003098913278991256,20000,400000,20,0.08411942199152946,0.01880967458010506
walker2d-medium-replay-v2,0,rnn,-1,11,,0.8658933343387679,2.113546843653524,0.0033418109837024643,20000,400000,20,0.08443082380761366,0.018879306143013176
walker2d-medium-replay-v2,0,rnn,-1,12,,0.9482950308556068,2.2807775062751006,0.0036062258779541475,20000,400000,20,0.08779814863900633,0.019632262865544876
walker2d-medium-replay-v2,0,rnn,-1,13,,1.029251453585897,2.420069928519161,0.0038264665355007142,20000,400000,20,0.09363051188695586,0.02093641893473354
walker2d-medium-replay-v2,0,rnn,-1,14,,1.0974294131158862,2.554345847927953,0.00403877540562321,20000,400000,20,0.08650098732160501,0.019342208777195623
walker2d-medium-replay-v2,0,rnn,-1,15,,1.1732523025436243,2.670152938882452,0.0042218824939304605,20000,400000,20,0.0853239871223961,0.019079023531699435
walker2d-medium-replay-v2,0,rnn,-1,16,,1.2482853753283916,2.7771238589119087,0.004391018369278865,20000,400000,20,0.08117559406548124,0.018151414644434455
walker2d-medium-replay-v2,0,rnn,-1,17,,1.316654758905543,2.877474244023382,0.004549686259792517,20000,400000,20,0.08303947121730589,0.018568190245753315
walker2d-medium-replay-v2,0,rnn,-1,18,,1.400957598570004,3.0003116041320608,0.004743909179645385,20000,400000,20,0.08388884561055013,0.018758116133917493
walker2d-medium-replay-v2,0,rnn,-1,19,,1.469416422329952,3.1065906955213616,0.004911951177867075,20000,400000,20,0.08498856175550934,0.019004020139525773
walker2d-medium-replay-v2,0,rnn,-1,20,,1.5472979488433392,3.2140161188106875,0.0050818056859680575,20000,400000,20,0.08625993708808474,0.019288308306381275
walker2d-medium-replay-v2,0,rnn,-1,21,,1.6179461869553151,3.3112057406300606,0.005235475970907866,20000,400000,20,0.08062865883919579,0.018029116209908106
walker2d-medium-replay-v2,0,rnn,-1,22,,1.688900267721424,3.4052265133382145,0.0053841358654712484,20000,400000,20,0.08910514738012029,0.019924516668708626
walker2d-medium-replay-v2,0,rnn,-1,23,,1.7677825478348368,3.519996944071884,0.005565603850049741,20000,400000,20,0.08790339636291937,0.019655796972059547
walker2d-medium-replay-v2,0,rnn,-1,24,,1.8432431396601785,3.623092840193366,0.005728612774629742,20000,400000,20,0.09021692737413319,0.02017311823297234
walker2d-medium-replay-v2,0,rnn,-1,25,,1.9217377842282455,3.7326133326571336,0.005901779877954148,20000,400000,20,0.0975697313453955,0.021817255183469633
walker2d-medium-replay-v2,0,rnn,-1,26,,1.997076281991986,3.8484278674725765,0.0060848987360389815,20000,400000,20,0.10658780945931612,0.023833758752382594
walker2d-medium-replay-v2,0,rnn,-1,27,,2.077359005080654,3.9586410438166975,0.006259161068743588,20000,400000,20,0.11292299106269624,0.025250348423879
walker2d-medium-replay-v2,0,rnn,-1,28,,2.165409207354144,4.074490488305412,0.006442335123868377,20000,400000,20,0.11345994968108357,0.025370416021060844
walker2d-medium-replay-v2,0,rnn,-1,29,,2.2479106509847253,4.188863968217093,0.00662317547408859,20000,400000,20,0.11614762265478072,0.025971397968108427
walker2d-medium-replay-v2,0,rnn,-1,30,,2.332788645799213,4.304066924850309,0.0068053273421618725,20000,400000,20,0.10872615715912022,0.024311907834011822
walker2d-medium-replay-v2,0,rnn,-1,31,,2.4165771901255084,4.407671957761313,0.006969141282689611,20000,400000,20,0.10485302441958115,0.023445849024862887
walker2d-medium-replay-v2,0,rnn,-1,32,,2.499248670395831,4.491948313070534,0.007102393900526993,20000,400000,20,0.09311473603941388,0.020821087949107895
walker2d-medium-replay-v2,0,rnn,-1,33,,2.588008571518026,4.626993254212091,0.007315918700772342,20000,400000,20,0.09349437706855518,0.02090597826392869
walker2d-medium-replay-v2,0,rnn,-1,34,,2.670293729059058,4.738616973434242,0.007492411297592901,20000,400000,20,0.08720147558908467,0.019498842715548182
walker2d-medium-replay-v2,0,rnn,-1,35,,2.7611328837145543,4.841549548142009,0.007655161988343893,20000,400000,20,0.08381337951443542,0.01874124140182659
walker2d-medium-replay-v2,0,rnn,-1,36,,2.8586385442683904,4.960392620587383,0.007843069384873782,20000,400000,20,0.08243396962551063,0.01843279597377946
walker2d-medium-replay-v2,0,rnn,-1,37,,2.9455953818872413,5.0580980938601305,0.007997555302577076,20000,400000,20,0.07884922986461539,0.017631223795078654
walker2d-medium-replay-v2,0,rnn,-1,38,,3.024040498902689,5.151372182518004,0.008145034585994755,20000,400000,20,0.08441118600132931,0.018874914996035098
walker2d-medium-replay-v2,0,rnn,-1,39,,3.114975833881265,5.272774814822039,0.008336989002005099,20000,400000,20,0.08793631861652702,0.019663158611763466
walker2d-medium-replay-v2,0,rnn,-1,40,,3.2054378904112837,5.36916688067745,0.00848939824024112,20000,400000,20,0.09124280320315369,0.02040251104198872
walker2d-medium-replay-v2,0,rnn,-1,41,,3.2835032061590783,5.45197617168662,0.00862033122574746,20000,400000,20,0.08266760659425963,0.01848503878819744
walker2d-medium-replay-v2,0,rnn,-1,42,,3.364631426856626,5.530650721612908,0.00874472661157531,20000,400000,20,0.08497856688777475,0.019001785219157706
walker2d-medium-replay-v2,0,rnn,-1,43,,3.4470695479462004,5.639832142943386,0.008917357596364714,20000,400000,20,0.07548155570609336,0.01687818896062619
walker2d-medium-replay-v2,0,rnn,-1,44,,3.528086674510574,5.726023006076297,0.009053637316862631,20000,400000,20,0.07388101255147167,0.016520296631160582
walker2d-medium-replay-v2,0,rnn,-1,45,,3.6184817850839273,5.82476963274188,0.00920976944262341,20000,400000,20,0.0696042692750165,0.015563987762313691
walker2d-medium-replay-v2,0,rnn,-1,46,,3.7085131548754555,5.929627450048985,0.009375564209205548,20000,400000,20,0.07588256165902697,0.016967856617640352
walker2d-medium-replay-v2,0,rnn,-1,47,,3.7919826586719254,6.0036384184409926,0.009492585825182285,20000,400000,20,0.07187564446030435,0.01607188269398467
walker2d-medium-replay-v2,0,rnn,-1,48,,3.878203425620974,6.110157238333524,0.00966100686744911,20000,400000,20,0.0745390874159123,0.0166674466442779
walker2d-medium-replay-v2,0,rnn,-1,49,,3.9709827597070624,6.233325954765036,0.009855753707650601,20000,400000,20,0.07937462190578616,0.017748705026968174
walker2d-medium-replay-v2,0,rnn,-1,50,,4.058639169360194,6.318402787934272,0.009990271992115076,20000,400000,20,0.08051230115078778,0.0180030978398096
walker2d-medium-replay-v2,0,rnn,-1,51,,4.147221066754052,6.425112416231096,0.010158994728959035,20000,400000,20,0.087530311872085,0.019572372743773894
walker2d-medium-replay-v2,0,rnn,-1,52,,4.236953075347906,6.516058616545256,0.010302793297724369,20000,400000,20,0.09202808994684294,0.020578106496060584
walker2d-medium-replay-v2,0,rnn,-1,53,,4.3234592586612575,6.6278765091133165,0.010479592909561911,20000,400000,20,0.10324340866736588,0.023085928000902107
walker2d-medium-replay-v2,0,rnn,-1,54,,4.421126782538567,6.750967146734522,0.010674216296324621,20000,400000,20,0.10634879738120137,0.023780314026971786
walker2d-medium-replay-v2,0,rnn,-1,55,,4.51042276107993,6.851132970009543,0.010832592368952107,20000,400000,20,0.1097500002701784,0.024540846113473916
walker2d-medium-replay-v2,0,rnn,-1,56,,4.603968550993521,6.95177117437824,0.010991715341669402,20000,400000,20,0.11110962131261083,0.02484486662092572
walker2d-medium-replay-v2,0,rnn,-1,57,,4.689500266407992,7.066492243648016,0.011173105278920624,20000,400000,20,0.11962854468218492,0.026749755795873645
walker2d-medium-replay-v2,0,rnn,-1,58,,4.776510978730476,7.16616820457805,0.011330706811173055,20000,400000,20,0.10863973333633634,0.024292582879749804
walker2d-medium-replay-v2,0,rnn,-1,59,,4.867237128990923,7.288733480174168,0.011524499527638047,20000,400000,20,0.09279310156904415,0.02074916829514251
walker2d-medium-replay-v2,0,rnn,-1,60,,4.9647652329858305,7.438520205994675,0.011761333136064025,20000,400000,20,0.09616166769300906,0.02150240257913136
walker2d-medium-replay-v2,0,rnn,-1,61,,5.055748185638648,7.548861746990339,0.011935798431103596,20000,400000,20,0.09582317179972452,0.02142671259638249
walker2d-medium-replay-v2,0,rnn,-1,62,,5.151127318870452,7.698706117580743,0.012172723183913608,20000,400000,20,0.09684532820763245,0.0216552737175544
walker2d-medium-replay-v2,0,rnn,-1,63,,5.244721215836516,7.766233202693521,0.012279492880267822,20000,400000,20,0.08759631483023918,0.019587131453888774
walker2d-medium-replay-v2,0,rnn,-1,64,,5.336864085607667,8.026890789328556,0.01269162871185251,20000,400000,20,0.08758494646341317,0.019584589409787162
walker2d-medium-replay-v2,0,rnn,-1,65,,5.428180259158237,8.100669069238046,0.012808282415034225,20000,400000,20,0.08871542543723547,0.01983737219304725
walker2d-medium-replay-v2,0,rnn,-1,66,,5.518322037446194,8.270017835625973,0.013076046325397031,20000,400000,20,0.0946920568631477,0.021173787607527375
walker2d-medium-replay-v2,0,rnn,-1,67,,5.611697639163623,8.40843414738684,0.013294901730639179,20000,400000,20,0.09994071262409962,0.022347422714725812
walker2d-medium-replay-v2,0,rnn,-1,68,,5.700736535039473,8.512418254307669,0.013459315039803327,20000,400000,20,0.09756657089896163,0.021816548486163097
walker2d-medium-replay-v2,0,rnn,-1,69,,5.79113474380597,8.640184879974294,0.013661331812833659,20000,400000,20,0.0881324949845081,0.01970702498120194
walker2d-medium-replay-v2,0,rnn,-1,70,,5.884142122995816,8.733401393853354,0.013808720062532923,20000,400000,20,0.08158020756860766,0.018241888974194955
walker2d-medium-replay-v2,0,rnn,-1,71,,5.987332368574064,8.905499661377767,0.014080831315905989,20000,400000,20,0.09805240922245621,0.02192518523790394
walker2d-medium-replay-v2,0,rnn,-1,72,,6.083718043829765,9.135299453806846,0.014444176690860892,20000,400000,20,0.09681930728550105,0.021649455262482097
walker2d-medium-replay-v2,0,rnn,-1,73,,6.185619219942849,9.323277976467716,0.014741396832261855,20000,400000,20,0.10115076782308716,0.022617999282872128
walker2d-medium-replay-v2,0,rnn,-1,74,,6.289283441821537,9.462800112833756,0.014962000699726502,20000,400000,20,0.10232948164511262,0.02288156770607888
walker2d-medium-replay-v2,0,rnn,-1,75,,6.390634736132,9.641586338881153,0.01524468654401425,20000,400000,20,0.09712786874841073,0.02171845170311238
walker2d-medium-replay-v2,0,rnn,-1,76,,6.4850229822341605,9.785696438662825,0.015472544618586359,20000,400000,20,0.10111323137022492,0.02260960587684871
walker2d-medium-replay-v2,0,rnn,-1,77,,6.5903660086324285,10.049445085055044,0.01588956784477924,20000,400000,20,0.09301205373039689,0.020798127486803035
walker2d-medium-replay-v2,0,rnn,-1,78,,6.717567463111537,10.41902767434435,0.01647392922762762,20000,400000,20,0.10376390350904342,0.023202314185695006
walker2d-medium-replay-v2,0,rnn,-1,79,,6.824853117621778,10.550849078916487,0.016682357169032862,20000,400000,20,0.10183786389817596,0.022771638635969316
walker2d-medium-replay-v2,0,rnn,-1,80,,6.946632396064769,10.79168124782515,0.017063146262827743,20000,400000,20,0.10661100934858894,0.023838946405331043
walker2d-medium-replay-v2,0,rnn,-1,81,,7.064643508101993,10.991167763130965,0.017378562138255952,20000,400000,20,0.10960893151158944,0.024509302180103276
walker2d-medium-replay-v2,0,rnn,-1,82,,7.182102612804039,11.179590898010058,0.01767648527329948,20000,400000,20,0.1197739241781424,0.026782263639423202
walker2d-medium-replay-v2,0,rnn,-1,83,,7.3129972350825465,11.416210393089644,0.018050613544924723,20000,400000,20,0.13290738639032929,0.029718995068060666
walker2d-medium-replay-v2,0,rnn,-1,84,,7.427407281926744,11.641559129867668,0.01840692118295488,20000,400000,20,0.13596879764039105,0.030403547434282738
walker2d-medium-replay-v2,0,rnn,-1,85,,7.5389065527155275,11.842332464121915,0.018724371697789743,20000,400000,20,0.13058484131053377,0.02919965820013762
walker2d-medium-replay-v2,0,rnn,-1,86,,7.656805077746603,12.122144064094593,0.019166792683614528,20000,400000,20,0.1343629696570248,0.0300444733811849
walker2d-medium-replay-v2,0,rnn,-1,87,,7.796195932150126,12.358313068306774,0.019540208666636725,20000,400000,20,0.14427960046375396,0.0322618994403464
walker2d-medium-replay-v2,0,rnn,-1,88,,7.902248174129097,12.598670086299364,0.019920246480868053,20000,400000,20,0.13124932134754302,0.02934824045338205
walker2d-medium-replay-v2,0,rnn,-1,89,,8.03633758821758,12.942556860268043,0.020463979212342314,20000,400000,20,0.12866576340137825,0.02877053933423863
walker2d-medium-replay-v2,0,rnn,-1,90,,8.151392440230905,13.055926905953509,0.020643232993744022,20000,400000,20,0.13129352665172495,0.02935812505989373
walker2d-medium-replay-v2,0,rnn,-1,91,,8.276044907786764,13.234336834007966,0.020925323858663452,20000,400000,20,0.133531672842838,0.029858589762584837
walker2d-medium-replay-v2,0,rnn,-1,92,,8.404200533886229,13.493641180172656,0.021335320029194034,20000,400000,20,0.13914193559315025,0.031113082650718146
walker2d-medium-replay-v2,0,rnn,-1,93,,8.54499720865508,13.704121511371588,0.021668118653821646,20000,400000,20,0.1343120385575269,0.030033084841120296
walker2d-medium-replay-v2,0,rnn,-1,94,,8.69319958414312,14.033015223803186,0.02218814527351779,20000,400000,20,0.12559653862975084,0.028084239811480116
walker2d-medium-replay-v2,0,rnn,-1,95,,8.823913978863349,14.267870956343462,0.022559484791705088,20000,400000,20,0.12147699885492097,0.02716308271422674
walker2d-medium-replay-v2,0,rnn,-1,96,,8.947136140370878,14.522137571023991,0.022961515609370528,20000,400000,20,0.15150178339052997,0.03387682863736736
walker2d-medium-replay-v2,0,rnn,-1,97,,9.098001241066592,14.91074150603091,0.023575952380533477,20000,400000,20,0.1333122042800227,0.029809515100046913
walker2d-medium-replay-v2,0,rnn,-1,98,,9.264754289475665,15.439712137484397,0.02441232838589874,20000,400000,20,0.16776565260872048,0.03751354035227139
walker2d-medium-replay-v2,0,rnn,-1,99,,9.414060268103515,15.649536250088147,0.02474408943782449,20000,400000,20,0.17364883823944707,0.03882906065172685
walker2d-medium-replay-v2,0,rnn,-1,100,,9.579270443953643,15.946329001577876,0.025213359981692426,20000,400000,20,0.19787313436740234,0.04424577793664614
