task,model,rollout_length,mean,std,sem,n_seeds
hopper-medium-replay-v2,adm,1,0.0038393773063149397,0.0025295956963649604,0.001460462756237229,3
hopper-medium-replay-v2,adm,2,0.002266015985308472,0.0005591687819587098,0.00032283624678629627,3
hopper-medium-replay-v2,adm,3,0.00628988530143481,0.0030290055297381604,0.001748797157971192,3
hopper-medium-replay-v2,adm,4,0.006326094608941765,0.0033839847538459276,0.001953744508566536,3
hopper-medium-replay-v2,adm,5,0.007513386849655304,0.002693533461855491,0.0015551122692735325,3
hopper-medium-replay-v2,adm,6,0.012545772477639971,0.006851711306235033,0.003955837367064399,3
hopper-medium-replay-v2,adm,7,0.011339518056816824,0.0014249010093851863,0.0008226669813371068,3
hopper-medium-replay-v2,adm,8,0.020948506243697318,0.003989782728867003,0.002303502132519484,3
hopper-medium-replay-v2,adm,9,0.018833684231869055,0.0038478217216021417,0.0022215409067606858,3
hopper-medium-replay-v2,adm,10,0.01785526365438368,0.004302803571422618,0.0024842248002309316,3
hopper-medium-replay-v2,adm,11,0.01958753219853629,0.003970987031759123,0.0022926504317346426,3
hopper-medium-replay-v2,adm,12,0.01746831818209466,0.0031757216750846434,0.0018335037639814482,3
hopper-medium-replay-v2,adm,13,0.018446020576198374,0.0053761006711679805,0.0031038931696893615,3
hopper-medium-replay-v2,adm,14,0.019173766012339083,0.004192932457076482,0.0024207906827870256,3
hopper-medium-replay-v2,adm,15,0.019158041746631268,0.0037678563500896617,0.002175372877992107,3
hopper-medium-replay-v2,adm,16,0.01763287845164484,0.0013838250170788893,0.0007989517461218352,3
hopper-medium-replay-v2,adm,17,0.014725829308920435,0.0033009532598999134,0.0019058062531855879,3
hopper-medium-replay-v2,adm,18,0.015670364531415234,0.00374422331357362,0.002161728337997802,3
hopper-medium-replay-v2,adm,19,0.02062765300627895,0.0014555542186473027,0.0008403646199561157,3
hopper-medium-replay-v2,adm,20,0.02390010002450509,0.008620996489601943,0.004977334643954501,3
hopper-medium-replay-v2,adm,21,0.019644480719442,0.002368376819899396,0.001367382994511386,3
hopper-medium-replay-v2,adm,22,0.02522817295271616,0.003165801258462311,0.0018277762087740713,3
hopper-medium-replay-v2,adm,23,0.03171844893306613,0.0033214137213234203,0.0019176191060961934,3
hopper-medium-replay-v2,adm,24,0.028846480576724468,0.003835765775560594,0.0022145804030682626,3
hopper-medium-replay-v2,adm,25,0.029617319478475,0.006290408492706062,0.003631769036576553,3
hopper-medium-replay-v2,adm,26,0.033748905055651444,0.0049572119105096655,0.0028620476309627746,3
hopper-medium-replay-v2,adm,27,0.04389212000881615,0.01124323085376752,0.006491282359983784,3
hopper-medium-replay-v2,adm,28,0.030636775148058223,0.006114704002459921,0.0035303260018351174,3
hopper-medium-replay-v2,adm,29,0.034492694532449984,0.005171561128969815,0.0029858022099413274,3
hopper-medium-replay-v2,adm,30,0.034800547566563415,0.00849639735038178,0.0049053972973849445,3
hopper-medium-replay-v2,adm,31,0.039962988940220025,0.01132198717456729,0.0065367523429979155,3
hopper-medium-replay-v2,adm,32,0.03790826308469889,0.0026980432816049557,0.0015577160149198826,3
hopper-medium-replay-v2,adm,33,0.04467954217070794,0.005243951330367533,0.0030275967122049916,3
hopper-medium-replay-v2,adm,34,0.05291891453563402,0.012170981794756758,0.007026919615504849,3
hopper-medium-replay-v2,adm,35,0.04605292884634637,0.013709732197342277,0.007915317574653243,3
hopper-medium-replay-v2,adm,36,0.05184427182759078,0.006440104893864039,0.003718196294081829,3
hopper-medium-replay-v2,adm,37,0.04172553371753699,0.007558950839826919,0.0043641623021652195,3
hopper-medium-replay-v2,adm,38,0.05624376010781441,0.0052699181446618035,0.0030425886594277855,3
hopper-medium-replay-v2,adm,39,0.05677677288110774,0.008975391977987114,0.005181944974573268,3
hopper-medium-replay-v2,adm,40,0.05937417321702054,0.024505019214637516,0.014147979440067923,3
hopper-medium-replay-v2,adm,41,0.056101298963445456,0.007899351668635564,0.004560692812310262,3
hopper-medium-replay-v2,adm,42,0.05372910411370443,0.005516108871895424,0.0031847269420681064,3
hopper-medium-replay-v2,adm,43,0.048114275532114725,0.007827367249321295,0.004519132588441711,3
hopper-medium-replay-v2,adm,44,0.05374754320575351,0.005722103342436149,0.003303657905086368,3
hopper-medium-replay-v2,adm,45,0.05488193780656835,0.010897234070154594,0.006291521023826117,3
hopper-medium-replay-v2,adm,46,0.0669865303543446,0.015835307632338178,0.009142519124230983,3
hopper-medium-replay-v2,adm,47,0.05903749100813264,0.004590195145758554,0.0026501504030366145,3
hopper-medium-replay-v2,adm,48,0.07265735577171567,0.019180603935916,0.011073926845620698,3
hopper-medium-replay-v2,adm,49,0.06910191839484085,0.0075508602944619595,0.004359491223620869,3
hopper-medium-replay-v2,adm,50,0.06302934421953461,0.008729875748698126,0.005040196113502849,3
hopper-medium-replay-v2,adm,51,0.06859932330254502,0.021018297047485552,0.0121349194582733,3
hopper-medium-replay-v2,adm,52,0.08011054045160115,0.00868437499535552,0.005013926241312165,3
hopper-medium-replay-v2,adm,53,0.08670752132957825,0.011168870798097273,0.0064483505618256115,3
hopper-medium-replay-v2,adm,54,0.09142645920944131,0.031792881343275785,0.018355628601854107,3
hopper-medium-replay-v2,adm,55,0.10982755619843365,0.015248643964232339,0.008803808697526304,3
hopper-medium-replay-v2,adm,56,0.1325992422866834,0.03693060157316258,0.021321892759600235,3
hopper-medium-replay-v2,adm,57,0.12318796715155138,0.03198255391704826,0.018465136113379535,3
hopper-medium-replay-v2,adm,58,0.12447081089560376,0.019934408998878595,0.011509136401638656,3
hopper-medium-replay-v2,adm,59,0.12758608411483285,0.031043647226385883,0.01792305808278167,3
hopper-medium-replay-v2,adm,60,0.11799301829274307,0.02634337145149813,0.01520935259888475,3
hopper-medium-replay-v2,adm,61,0.12418963605704847,0.021025899382824825,0.0121393086686279,3
hopper-medium-replay-v2,adm,62,0.12742744731799674,0.01332557799512305,0.007693526042591647,3
hopper-medium-replay-v2,adm,63,0.12030460908987362,0.03259963953338393,0.018821410660083977,3
hopper-medium-replay-v2,adm,64,0.12559774737697516,0.03596874948654886,0.0207665671984732,3
hopper-medium-replay-v2,adm,65,0.13081778986018278,0.036430826349636236,0.021033347399762994,3
hopper-medium-replay-v2,adm,66,0.13293547409024742,0.03554487574702173,0.0205218435808548,3
hopper-medium-replay-v2,adm,67,0.14740728103510425,0.022982737601206293,0.013269089740770987,3
hopper-medium-replay-v2,adm,68,0.15998782427258992,0.015745122513868056,0.00909045072180536,3
hopper-medium-replay-v2,adm,69,0.16786259074814625,0.02050883082844878,0.0118407789995694,3
hopper-medium-replay-v2,adm,70,0.16097184799793682,0.013522160915083384,0.007807023244348828,3
hopper-medium-replay-v2,adm,71,0.15002713193291603,0.0184310970047917,0.010641198817176593,3
hopper-medium-replay-v2,adm,72,0.15846448126540327,0.03635809440482718,0.0209913555918488,3
hopper-medium-replay-v2,adm,73,0.17148942300027584,0.028401740186366424,0.016397752342052468,3
hopper-medium-replay-v2,adm,74,0.1985217300382134,0.016234677486143052,0.00937309541683145,3
hopper-medium-replay-v2,adm,75,0.20804532580991672,0.01518862408342179,0.008769156203183604,3
hopper-medium-replay-v2,adm,76,0.20882096658482652,0.02484220614299775,0.014342654403923927,3
hopper-medium-replay-v2,adm,77,0.214057367653865,0.03449844203147624,0.01991768479349551,3
hopper-medium-replay-v2,adm,78,0.22151009450270878,0.01725249830414967,0.009960734540094374,3
hopper-medium-replay-v2,adm,79,0.19479632043290387,0.0392656472066347,0.022670031984655423,3
hopper-medium-replay-v2,adm,80,0.19644748274557358,0.0419514484094139,0.024220680032069813,3
hopper-medium-replay-v2,adm,81,0.21352543651364522,0.03421321511090103,0.01975300895412128,3
hopper-medium-replay-v2,adm,82,0.21508328191453777,0.04672708271750189,0.026977893785395626,3
hopper-medium-replay-v2,adm,83,0.22326944874982982,0.028624771932871513,0.016526519780935015,3
hopper-medium-replay-v2,adm,84,0.21846698251649066,0.024084956129402948,0.01390545590473112,3
hopper-medium-replay-v2,adm,85,0.235758057386568,0.03144238042242359,0.018153266800848878,3
hopper-medium-replay-v2,adm,86,0.25426873419950863,0.05782928678640785,0.03338775429317664,3
hopper-medium-replay-v2,adm,87,0.2531926423898574,0.05495497316537174,0.03172826855033604,3
hopper-medium-replay-v2,adm,88,0.26255487432795005,0.052310390108633135,0.03020141781063368,3
hopper-medium-replay-v2,adm,89,0.25870657281626125,0.050305933155535415,0.029044144049183693,3
hopper-medium-replay-v2,adm,90,0.24652211505531382,0.032221431555468985,0.018603052182225122,3
hopper-medium-replay-v2,adm,91,0.26268504601233866,0.02318651283137452,0.013386739424762793,3
hopper-medium-replay-v2,adm,92,0.25226020285097756,0.03568682132593348,0.020603795899049773,3
hopper-medium-replay-v2,adm,93,0.27883068156206825,0.049827832374594434,0.028768112434607647,3
hopper-medium-replay-v2,adm,94,0.30053804264487827,0.047525493355554844,0.02743885638219936,3
hopper-medium-replay-v2,adm,95,0.27918162360431636,0.03424556060787979,0.019771683635509043,3
hopper-medium-replay-v2,adm,96,0.2860603054044237,0.027904737677489497,0.016110807809764455,3
hopper-medium-replay-v2,adm,97,0.3144211548608196,0.010032412352949183,0.005792215972596538,3
hopper-medium-replay-v2,adm,98,0.327029845499768,0.03060604892747324,0.017670410587107534,3
hopper-medium-replay-v2,adm,99,0.3528502782667104,0.07801141404987012,0.045039910901555874,3
hopper-medium-replay-v2,adm,100,0.3643118092581142,0.04396048869839785,0.025380599983727502,3
hopper-medium-replay-v2,ensemble,1,0.0029993316556409127,0.000302630620634033,0.00017472387028808249,3
hopper-medium-replay-v2,ensemble,2,0.00511049542417921,0.0015708793376868382,0.0009069476084779171,3
hopper-medium-replay-v2,ensemble,3,0.00933147276030538,0.0016496777134611073,0.0009524418719428966,3
hopper-medium-replay-v2,ensemble,4,0.012005920688290811,0.002016348195837957,0.0011641391736470607,3
hopper-medium-replay-v2,ensemble,5,0.014796966375679907,0.0004118282758011544,0.00023776916589369595,3
hopper-medium-replay-v2,ensemble,6,0.02087575060927029,0.0008566072528501214,0.0004945624280228034,3
hopper-medium-replay-v2,ensemble,7,0.019275022052489637,0.0006706757216392356,0.0003872148084273592,3
hopper-medium-replay-v2,ensemble,8,0.030519894605315262,0.0027364942827482835,0.0015799157107805933,3
hopper-medium-replay-v2,ensemble,9,0.043769414644934945,0.00547293268662152,0.0031597991598776363,3
hopper-medium-replay-v2,ensemble,10,0.050211895400367,0.0031249375820117157,0.0018041835541752424,3
hopper-medium-replay-v2,ensemble,11,0.04664889550441748,0.00774181149517394,0.004469736950754014,3
hopper-medium-replay-v2,ensemble,12,0.048251308341142864,0.008660524403326967,0.005000156095584148,3
hopper-medium-replay-v2,ensemble,13,0.048140251475181695,0.000824353996256103,0.00047594100164600485,3
hopper-medium-replay-v2,ensemble,14,0.04779404839673546,0.0021530291314816987,0.001243051948634065,3
hopper-medium-replay-v2,ensemble,15,0.055211861188003176,0.00627697097389083,0.003624010881471338,3
hopper-medium-replay-v2,ensemble,16,0.062039853948385314,0.008965580447856013,0.005176280285010915,3
hopper-medium-replay-v2,ensemble,17,0.05538150718776236,0.01068603067344927,0.006169582685884534,3
hopper-medium-replay-v2,ensemble,18,0.051778452761259884,0.005134982220705679,0.0029646833674083664,3
hopper-medium-replay-v2,ensemble,19,0.06607649106612702,0.0029956604976333354,0.0017295453947093345,3
hopper-medium-replay-v2,ensemble,20,0.07887658832780574,0.0028930360675882842,0.0016702951523973923,3
hopper-medium-replay-v2,ensemble,21,0.08092147696872432,0.0018411276036067476,0.0010629755175548064,3
hopper-medium-replay-v2,ensemble,22,0.07841714437033505,0.0026598445441581332,0.0015356619635722559,3
hopper-medium-replay-v2,ensemble,23,0.07774792012740062,0.0071504451262020255,0.004128311418438387,3
hopper-medium-replay-v2,ensemble,24,0.08427316355937453,0.007759044717825199,0.0044796865564907225,3
hopper-medium-replay-v2,ensemble,25,0.0864732237105188,0.010986142331900877,0.006342852232678515,3
hopper-medium-replay-v2,ensemble,26,0.07912033582533985,0.004812803928065347,0.0027786736434254164,3
hopper-medium-replay-v2,ensemble,27,0.09160419049414507,0.004979888150029202,0.002875139763953587,3
hopper-medium-replay-v2,ensemble,28,0.08696140298966705,0.005362237910145981,0.0030958895008815985,3
hopper-medium-replay-v2,ensemble,29,0.08856756843961865,0.012657103255679276,0.007307581971827319,3
hopper-medium-replay-v2,ensemble,30,0.10680703078905159,0.011710505677162544,0.006761063605056436,3
hopper-medium-replay-v2,ensemble,31,0.11853567662046777,0.00884412374317004,0.005106157223865583,3
hopper-medium-replay-v2,ensemble,32,0.11087447600087837,0.0027248342412574595,0.001573183782687104,3
hopper-medium-replay-v2,ensemble,33,0.1163529271563944,0.00546004382670536,0.003152357773135494,3
hopper-medium-replay-v2,ensemble,34,0.1304749522846498,0.01651831615615857,0.009536854279317495,3
hopper-medium-replay-v2,ensemble,35,0.1332821293377653,0.01412832934196007,0.008156994748780335,3
hopper-medium-replay-v2,ensemble,36,0.12293861696066717,0.01586435192550026,0.009159287854706533,3
hopper-medium-replay-v2,ensemble,37,0.11425935232544694,0.015166760707965951,0.008756533377478781,3
hopper-medium-replay-v2,ensemble,38,0.12259614638804067,0.037119009762383054,0.021430670278364206,3
hopper-medium-replay-v2,ensemble,39,0.12767896696020528,0.033074560675575265,0.01909560650937199,3
hopper-medium-replay-v2,ensemble,40,0.13897064389815758,0.01431387153955572,0.008264117586508218,3
hopper-medium-replay-v2,ensemble,41,0.13658839697949973,0.0043384582084792555,0.0025048100145334397,3
hopper-medium-replay-v2,ensemble,42,0.13914369886371403,0.011869862315812284,0.006853068203278017,3
hopper-medium-replay-v2,ensemble,43,0.13585107730320461,0.009335552017957518,0.005389883470601527,3
hopper-medium-replay-v2,ensemble,44,0.14430226501715565,0.009752812944763515,0.005630789179015282,3
hopper-medium-replay-v2,ensemble,45,0.1526353508768512,0.013846792242676507,0.007994449228722104,3
hopper-medium-replay-v2,ensemble,46,0.15954580192088494,0.01807186127121884,0.01043379396969577,3
hopper-medium-replay-v2,ensemble,47,0.14740440425198303,0.020603412782716327,0.011895385916326249,3
hopper-medium-replay-v2,ensemble,48,0.14443801768698034,0.005129779610658561,0.002961679639097174,3
hopper-medium-replay-v2,ensemble,49,0.17742342379552647,0.021091037010585855,0.012176915895550105,3
hopper-medium-replay-v2,ensemble,50,0.20884844463273491,0.01337388534200507,0.007721416302317818,3
hopper-medium-replay-v2,ensemble,51,0.21579728487485325,0.007798185187501404,0.004502284317194488,3
hopper-medium-replay-v2,ensemble,52,0.20641946078075654,0.003238880657397752,0.0018699686194216644,3
hopper-medium-replay-v2,ensemble,53,0.19598838545694566,0.008596786690438984,0.00496335710989074,3
hopper-medium-replay-v2,ensemble,54,0.19829265623598158,0.024226572443166828,0.013987218121604339,3
hopper-medium-replay-v2,ensemble,55,0.24146780280199395,0.03126734976224903,0.018052212802080657,3
hopper-medium-replay-v2,ensemble,56,0.2548577765171129,0.02960989427761003,0.01709528043185451,3
hopper-medium-replay-v2,ensemble,57,0.25415418137844675,0.021040071138412463,0.012147490735531312,3
hopper-medium-replay-v2,ensemble,58,0.26962439907969227,0.027346064163893936,0.015788257506300942,3
hopper-medium-replay-v2,ensemble,59,0.276667883696657,0.03290410127990694,0.018997191731396985,3
hopper-medium-replay-v2,ensemble,60,0.2624077733592507,0.021689920131275037,0.012522681226493127,3
hopper-medium-replay-v2,ensemble,61,0.2772289945975643,0.030950831066515395,0.017869470647895295,3
hopper-medium-replay-v2,ensemble,62,0.2918620880106369,0.045592880855328,0.026323062034954155,3
hopper-medium-replay-v2,ensemble,63,0.28388904196179876,0.02987470354027437,0.017248168130937675,3
hopper-medium-replay-v2,ensemble,64,0.3033936019464816,0.02818205943860813,0.01627091960319844,3
hopper-medium-replay-v2,ensemble,65,0.3262996159037698,0.026173685646331442,0.015111384453594104,3
hopper-medium-replay-v2,ensemble,66,0.3384099919793253,0.04016842299933652,0.023191249831589694,3
hopper-medium-replay-v2,ensemble,67,0.3429332203823147,0.029756150646006622,0.01717972158551898,3
hopper-medium-replay-v2,ensemble,68,0.35560444582734635,0.016695835033029478,0.009639344850665154,3
hopper-medium-replay-v2,ensemble,69,0.35501041273818695,0.00937371683252999,0.005411917936568516,3
hopper-medium-replay-v2,ensemble,70,0.38553255326753405,0.03740791253001147,0.021597468369024098,3
hopper-medium-replay-v2,ensemble,71,0.40747239071974795,0.04288065739206386,0.02475715908833619,3
hopper-medium-replay-v2,ensemble,72,0.3900816028844316,0.03681651430945212,0.02125602444718589,3
hopper-medium-replay-v2,ensemble,73,0.38647031104623736,0.03668797205830435,0.021181810543883486,3
hopper-medium-replay-v2,ensemble,74,0.3912851987753343,0.02979801585446663,0.017203892474893047,3
hopper-medium-replay-v2,ensemble,75,0.3995281607702618,0.03516722424131645,0.020303806382375986,3
hopper-medium-replay-v2,ensemble,76,0.413446056833683,0.014071400965380449,0.008124127135237563,3
hopper-medium-replay-v2,ensemble,77,0.42246131004584786,0.009119727138448322,0.005265276918319075,3
hopper-medium-replay-v2,ensemble,78,0.4560967604317809,0.011080223171860222,0.006397169830954629,3
hopper-medium-replay-v2,ensemble,79,0.46543587182801716,0.023771410614046258,0.013724430317036735,3
hopper-medium-replay-v2,ensemble,80,0.47263961132633076,0.030603836142615394,0.017669133035174197,3
hopper-medium-replay-v2,ensemble,81,0.46188163437838,0.0369263934821835,0.021319463217140688,3
hopper-medium-replay-v2,ensemble,82,0.45268729254048473,0.030775871090927602,0.017768457458892273,3
hopper-medium-replay-v2,ensemble,83,0.4839948877923826,0.024970781367708684,0.0144168873445219,3
hopper-medium-replay-v2,ensemble,84,0.493351776867998,0.026182395257695137,0.01511641295005947,3
hopper-medium-replay-v2,ensemble,85,0.5199838222732694,0.027469739150642547,0.015859661293192277,3
hopper-medium-replay-v2,ensemble,86,0.5475765100008548,0.04265414657551874,0.0246263830074295,3
hopper-medium-replay-v2,ensemble,87,0.5577785321722583,0.05465093443331964,0.03155273170654169,3
hopper-medium-replay-v2,ensemble,88,0.5483187983297695,0.03858924087360239,0.02227950860619765,3
hopper-medium-replay-v2,ensemble,89,0.5335308847014446,0.02047340360943545,0.011820325085135414,3
hopper-medium-replay-v2,ensemble,90,0.5386110135249383,0.023829803124254468,0.013758143248524103,3
hopper-medium-replay-v2,ensemble,91,0.5375905274816981,0.022387286833270747,0.012925306079614231,3
hopper-medium-replay-v2,ensemble,92,0.5316721892988373,0.020163121334166725,0.011641183529984245,3
hopper-medium-replay-v2,ensemble,93,0.5618615144404536,0.029961185683178022,0.017298098619423195,3
hopper-medium-replay-v2,ensemble,94,0.6083318649657689,0.03523992286753202,0.02034577895379126,3
hopper-medium-replay-v2,ensemble,95,0.5806823146604747,0.03755131547540387,0.021680262098148984,3
hopper-medium-replay-v2,ensemble,96,0.5625654991182271,0.04381631844412402,0.02529736324861337,3
hopper-medium-replay-v2,ensemble,97,0.6100673496234909,0.031241241498831,0.018037139189168185,3
hopper-medium-replay-v2,ensemble,98,0.656210766857971,0.026860781731671737,0.01550807956342446,3
hopper-medium-replay-v2,ensemble,99,0.6962527116887843,0.032961407866385815,0.0190302777045269,3
hopper-medium-replay-v2,ensemble,100,0.7479237355149021,0.04648549433354822,0.02683841266688689,3
hopper-medium-replay-v2,rnn,1,0.0008680241712805898,0.0005568402460768185,0.0003214918659680686,3
hopper-medium-replay-v2,rnn,2,0.0015943018001388731,0.0007794427418084219,0.00045001147680099235,3
hopper-medium-replay-v2,rnn,3,0.0020574856049430947,0.0010099795460750398,0.0005831119628024403,3
hopper-medium-replay-v2,rnn,4,0.002733506888530815,0.0008264479514065155,0.00047714994721576655,3
hopper-medium-replay-v2,rnn,5,0.00424577906054031,0.0013198416364556499,0.0007620109240953457,3
hopper-medium-replay-v2,rnn,6,0.005761246451107715,0.001997403574792838,0.0011532014915869658,3
hopper-medium-replay-v2,rnn,7,0.008750570177410317,0.002404476063438754,0.0013882249024863762,3
hopper-medium-replay-v2,rnn,8,0.014603149653197317,0.004140659182744563,0.0023906106937800695,3
hopper-medium-replay-v2,rnn,9,0.01491036664435552,0.002855717905927183,0.0016487495017166935,3
hopper-medium-replay-v2,rnn,10,0.014288975025084255,0.0014757318443315813,0.0008520141775765414,3
hopper-medium-replay-v2,rnn,11,0.014556629128749552,0.0017249369981618507,0.0009958928402238896,3
hopper-medium-replay-v2,rnn,12,0.012537173729395034,0.0004795977330721539,0.00027689588029194235,3
hopper-medium-replay-v2,rnn,13,0.013696405039357507,0.0022485898405090045,0.0012982239497149315,3
hopper-medium-replay-v2,rnn,14,0.01558573638027431,0.0044377691686487515,0.0025621472241207787,3
hopper-medium-replay-v2,rnn,15,0.02318679139006491,0.005671566866283516,0.00327448065697575,3
hopper-medium-replay-v2,rnn,16,0.021962542280072838,0.0003621964571538688,0.00020911422203731493,3
hopper-medium-replay-v2,rnn,17,0.019383330516500024,0.0037715124610809463,0.0021774837346571125,3
hopper-medium-replay-v2,rnn,18,0.014604490945361051,0.001129382376286319,0.0006520492189669255,3
hopper-medium-replay-v2,rnn,19,0.02004580998845978,0.0009348675392164736,0.0005397460254232741,3
hopper-medium-replay-v2,rnn,20,0.018303856717167243,0.0007843354981456177,0.0004528363109893516,3
hopper-medium-replay-v2,rnn,21,0.01816718767657059,0.003097859616895491,0.0017885500837262827,3
hopper-medium-replay-v2,rnn,22,0.02146395803995918,0.0039996675902244875,0.00230920915988513,3
hopper-medium-replay-v2,rnn,23,0.02432684135168933,0.001717946542304448,0.00099185689865286,3
hopper-medium-replay-v2,rnn,24,0.023193696820776682,0.0035098923736216524,0.0020264373067370757,3
hopper-medium-replay-v2,rnn,25,0.026320588760689507,0.004400572727975098,0.0025406718490849486,3
hopper-medium-replay-v2,rnn,26,0.024080439836707258,0.004821908069959391,0.0027839299221986834,3
hopper-medium-replay-v2,rnn,27,0.030446909499941232,0.004689967500810353,0.002707753999083454,3
hopper-medium-replay-v2,rnn,28,0.027804621480970335,0.006513226226531581,0.003760412915180939,3
hopper-medium-replay-v2,rnn,29,0.0353910976793628,0.005851553210417272,0.003378395821211831,3
hopper-medium-replay-v2,rnn,30,0.0370840291455587,0.011136287902045478,0.00642953881801913,3
hopper-medium-replay-v2,rnn,31,0.036939251021715226,0.015777286123356625,0.009109020390401694,3
hopper-medium-replay-v2,rnn,32,0.03545823574043479,0.011460497145612432,0.006616721112066275,3
hopper-medium-replay-v2,rnn,33,0.03976038546259684,0.009585200449580208,0.005534018059801656,3
hopper-medium-replay-v2,rnn,34,0.045875961292805495,0.00933427474155505,0.005389146034726733,3
hopper-medium-replay-v2,rnn,35,0.04675542095765455,0.009075383119464032,0.0052396748870215445,3
hopper-medium-replay-v2,rnn,36,0.04795340587174327,0.006253943948021218,0.003610716221886881,3
hopper-medium-replay-v2,rnn,37,0.044023988680890684,0.0026353536108128044,0.001521522116612625,3
hopper-medium-replay-v2,rnn,38,0.049896111822864846,0.0011829129424124243,0.0006829551057297054,3
hopper-medium-replay-v2,rnn,39,0.05178994455078111,0.003875345959070441,0.002237432032672248,3
hopper-medium-replay-v2,rnn,40,0.05273685292945917,0.010084696244417189,0.005822402091409872,3
hopper-medium-replay-v2,rnn,41,0.06277474028742656,0.0058800805497740425,0.0033948660882687264,3
hopper-medium-replay-v2,rnn,42,0.06790046593035137,0.014292064514697948,0.008251527294836358,3
hopper-medium-replay-v2,rnn,43,0.064076998285712,0.013963348177560113,0.008061742829102802,3
hopper-medium-replay-v2,rnn,44,0.06686728695585727,0.015655295933320993,0.00903858932134613,3
hopper-medium-replay-v2,rnn,45,0.060702587335902496,0.007897184323297241,0.0045594414948957555,3
hopper-medium-replay-v2,rnn,46,0.059135180933101474,0.00795829467229218,0.004594723571338255,3
hopper-medium-replay-v2,rnn,47,0.055863312059098384,0.00902298209497378,0.005209421141426285,3
hopper-medium-replay-v2,rnn,48,0.060467301168229015,0.012553617876372906,0.0072478346602275956,3
hopper-medium-replay-v2,rnn,49,0.06340572774114415,0.010491730266877443,0.0060574032938466365,3
hopper-medium-replay-v2,rnn,50,0.06910460729795755,0.009448743028459262,0.005455234330984555,3
hopper-medium-replay-v2,rnn,51,0.07516779083945614,0.005577646790318511,0.0032202558758350442,3
hopper-medium-replay-v2,rnn,52,0.085269906960808,0.012530504261771715,0.007234490008615653,3
hopper-medium-replay-v2,rnn,53,0.09647082770170008,0.02131888108586967,0.012308461733748477,3
hopper-medium-replay-v2,rnn,54,0.08944681929936449,0.009136728381632526,0.005275092590648033,3
hopper-medium-replay-v2,rnn,55,0.10463120216891796,0.013650888686621593,0.007881344257898593,3
hopper-medium-replay-v2,rnn,56,0.11031400577708451,0.011954729974999747,0.006902066569155392,3
hopper-medium-replay-v2,rnn,57,0.11570880122513977,0.0044773277995772045,0.002584986410336094,3
hopper-medium-replay-v2,rnn,58,0.11157124850305085,0.011437112030904584,0.006603219709794669,3
hopper-medium-replay-v2,rnn,59,0.10404987402434746,0.022741956980881693,0.013130074984810934,3
hopper-medium-replay-v2,rnn,60,0.10021106071159608,0.01821485955166784,0.010516354065406654,3
hopper-medium-replay-v2,rnn,61,0.10958857024731387,0.018260337408725714,0.010542610718421185,3
hopper-medium-replay-v2,rnn,62,0.11967308810446513,0.01448143868461777,0.00836086252281713,3
hopper-medium-replay-v2,rnn,63,0.1251352643875915,0.015090482900330394,0.008712494364707198,3
hopper-medium-replay-v2,rnn,64,0.1349114128771617,0.00639886313303107,0.0036943853523630607,3
hopper-medium-replay-v2,rnn,65,0.1447605166076451,0.021199102967048255,0.012239307804603906,3
hopper-medium-replay-v2,rnn,66,0.14667345794822953,0.028051945245237565,0.016195798138630552,3
hopper-medium-replay-v2,rnn,67,0.13878788208471426,0.016803865545091185,0.009701716295884674,3
hopper-medium-replay-v2,rnn,68,0.14262831157926492,0.018528331445645665,0.010697337147778133,3
hopper-medium-replay-v2,rnn,69,0.15215916134585358,0.026089265236610048,0.015062644307316358,3
hopper-medium-replay-v2,rnn,70,0.15390028258902805,0.027872069171274154,0.016091946638907003,3
hopper-medium-replay-v2,rnn,71,0.1574252795244799,0.026019898084842744,0.015022595163570587,3
hopper-medium-replay-v2,rnn,72,0.1676849570245232,0.025252228781644688,0.014579381084720577,3
hopper-medium-replay-v2,rnn,73,0.15648707958679378,0.027790147622174684,0.016044649210481994,3
hopper-medium-replay-v2,rnn,74,0.1684225896137408,0.03528362960374379,0.020371013049708526,3
hopper-medium-replay-v2,rnn,75,0.18366626793625293,0.05435013502849779,0.03137906508919571,3
hopper-medium-replay-v2,rnn,76,0.20697989695546645,0.04584406663765578,0.026468084213997708,3
hopper-medium-replay-v2,rnn,77,0.22175403273981767,0.03639218110964971,0.021011035560053876,3
hopper-medium-replay-v2,rnn,78,0.20508187890642246,0.018900616955351987,0.010912276287022475,3
hopper-medium-replay-v2,rnn,79,0.18626893302957445,0.010866542405552508,0.006273801183006225,3
hopper-medium-replay-v2,rnn,80,0.1828056708570973,0.02170402693748804,0.01253082579485761,3
hopper-medium-replay-v2,rnn,81,0.1842974717681339,0.026093929775013253,0.015065337379819093,3
hopper-medium-replay-v2,rnn,82,0.19331422520677352,0.025174928758090596,0.014534751895313258,3
hopper-medium-replay-v2,rnn,83,0.2049981830855163,0.027939952116769116,0.016131138875761904,3
hopper-medium-replay-v2,rnn,84,0.1837294410227879,0.014774127467987787,0.008529846470684594,3
hopper-medium-replay-v2,rnn,85,0.2013086759553239,0.019176420315748125,0.011071511431390589,3
hopper-medium-replay-v2,rnn,86,0.20892007886046346,0.03136160028959112,0.01810662836941288,3
hopper-medium-replay-v2,rnn,87,0.2113670319774236,0.02463966437017211,0.0142257168568609,3
hopper-medium-replay-v2,rnn,88,0.2145556046133373,0.03371738130956645,0.01946673917544745,3
hopper-medium-replay-v2,rnn,89,0.218448331410098,0.041497742588285584,0.023958732854108482,3
hopper-medium-replay-v2,rnn,90,0.2374843582207579,0.06740030289228496,0.03891358301832304,3
hopper-medium-replay-v2,rnn,91,0.2666089898984123,0.048601815364909845,0.02806027118403519,3
hopper-medium-replay-v2,rnn,92,0.2848174685458667,0.04592290812838898,0.026513603369895833,3
hopper-medium-replay-v2,rnn,93,0.28251503395772787,0.04323994593216964,0.02496459442368301,3
hopper-medium-replay-v2,rnn,94,0.2880607346519206,0.02590214084828462,0.014954607991344728,3
hopper-medium-replay-v2,rnn,95,0.3024533432284622,0.011063491884502034,0.00638751001769449,3
hopper-medium-replay-v2,rnn,96,0.3047501175036527,0.008374892389517828,0.004835246375522267,3
hopper-medium-replay-v2,rnn,97,0.30506309149422767,0.011229370142025935,0.00648327987432862,3
hopper-medium-replay-v2,rnn,98,0.3259906904802902,0.002202382756558065,0.001271546277357389,3
hopper-medium-replay-v2,rnn,99,0.37140214538417604,0.011715178579502404,0.006763761506480251,3
hopper-medium-replay-v2,rnn,100,0.3829150390691047,0.032876690139773665,0.01898136590226224,3
walker2d-medium-replay-v2,adm,1,0.3459657385864175,0.09948821735411839,0.05743954907059626,3
walker2d-medium-replay-v2,adm,2,0.2961730896237526,0.10758887045655223,0.06211646331989821,3
walker2d-medium-replay-v2,adm,3,0.6374158506103199,0.11271874066939364,0.06507819526819003,3
walker2d-medium-replay-v2,adm,4,0.5368053561961753,0.20303704539991071,0.11722349281710473,3
walker2d-medium-replay-v2,adm,5,0.5580751700102916,0.07975151198039365,0.04604455691015994,3
walker2d-medium-replay-v2,adm,6,0.7160361479896707,0.21719057175885328,0.12539503507042268,3
walker2d-medium-replay-v2,adm,7,0.7510080588495569,0.07390175495719743,0.0426671981181237,3
walker2d-medium-replay-v2,adm,8,0.901503027686179,0.16452165061703444,0.0949866192712664,3
walker2d-medium-replay-v2,adm,9,0.9860224486098922,0.22185700326141225,0.12808920055458006,3
walker2d-medium-replay-v2,adm,10,0.9304764596714535,0.03414752361880474,0.019715081953476023,3
walker2d-medium-replay-v2,adm,11,1.0755739779090836,0.08177635708017911,0.04721360177358837,3
walker2d-medium-replay-v2,adm,12,1.1473008610455888,0.16195056729517035,0.09350220362327921,3
walker2d-medium-replay-v2,adm,13,1.1516441412432061,0.18800783770719,0.10854637571000564,3
walker2d-medium-replay-v2,adm,14,1.2800484821300382,0.14182153629910713,0.08188070215917578,3
walker2d-medium-replay-v2,adm,15,1.2949893507596588,0.04433761228955344,0.02559833239059894,3
walker2d-medium-replay-v2,adm,16,1.3390956066342117,0.12044726469913063,0.06954026069719718,3
walker2d-medium-replay-v2,adm,17,1.514096261656648,0.07861107552263988,0.04538612561428214,3
walker2d-medium-replay-v2,adm,18,1.4418956077861036,0.1934356513013711,0.1116801253497172,3
walker2d-medium-replay-v2,adm,19,1.6506195758331572,0.21236217372550983,0.12260735816611718,3
walker2d-medium-replay-v2,adm,20,1.5225959365476947,0.06049402693258981,0.0349262427338952,3
walker2d-medium-replay-v2,adm,21,1.656468418806077,0.1613880638652454,0.09317744211659196,3
walker2d-medium-replay-v2,adm,22,1.9047341222378018,0.09926271614180597,0.057309355884965094,3
walker2d-medium-replay-v2,adm,23,1.8620737618022474,0.04795479332416168,0.027686712834637615,3
walker2d-medium-replay-v2,adm,24,1.9803363876735842,0.07484979728620159,0.04321455061197741,3
walker2d-medium-replay-v2,adm,25,1.9577544569411927,0.1884199631238098,0.10878431643023095,3
walker2d-medium-replay-v2,adm,26,2.109608743887042,0.11426813896434439,0.0659727407908618,3
walker2d-medium-replay-v2,adm,27,2.1206859387029136,0.08703573748894025,0.05025010646835726,3
walker2d-medium-replay-v2,adm,28,2.0878361007155637,0.10229322743599664,0.05905902239644828,3
walker2d-medium-replay-v2,adm,29,2.280533274554069,0.23407220671903248,0.13514165155904315,3
walker2d-medium-replay-v2,adm,30,2.3178722094578075,0.3328875024876702,0.19219268917111862,3
walker2d-medium-replay-v2,adm,31,2.3261069683499205,0.11345394901571319,0.0655026680048481,3
walker2d-medium-replay-v2,adm,32,2.431394962480434,0.12265524716559309,0.07081503996857526,3
walker2d-medium-replay-v2,adm,33,2.4652216899641264,0.19845145860242952,0.11457600304518656,3
walker2d-medium-replay-v2,adm,34,2.522746112655599,0.09595444678237142,0.05539932567974376,3
walker2d-medium-replay-v2,adm,35,2.7213551949576527,0.04549629846223054,0.026267300164300362,3
walker2d-medium-replay-v2,adm,36,2.9079088461083464,0.2169598945959555,0.12526185354832775,3
walker2d-medium-replay-v2,adm,37,2.8878959256044943,0.18123172605820984,0.10463418582540797,3
walker2d-medium-replay-v2,adm,38,2.9275642254981222,0.1541571504810939,0.08900267232776522,3
walker2d-medium-replay-v2,adm,39,3.0307103359150935,0.2855167529959718,0.1648431742003722,3
walker2d-medium-replay-v2,adm,40,2.956240777497366,0.13203049201236974,0.0762278401045804,3
walker2d-medium-replay-v2,adm,41,3.128835442108047,0.3460445190435545,0.1997888962213908,3
walker2d-medium-replay-v2,adm,42,3.1589762998511444,0.24363255252763136,0.14066131978518362,3
walker2d-medium-replay-v2,adm,43,3.2447840361806315,0.28734051002523026,0.16589612081215105,3
walker2d-medium-replay-v2,adm,44,3.345389555938368,0.20059695157808788,0.11581470399222737,3
walker2d-medium-replay-v2,adm,45,3.4307415597096464,0.1744853376577748,0.10073915666635903,3
walker2d-medium-replay-v2,adm,46,3.524056661877267,0.17299226742972484,0.09987713216827537,3
walker2d-medium-replay-v2,adm,47,3.571238021855564,0.3137540440248155,0.18114598177706093,3
walker2d-medium-replay-v2,adm,48,3.464808882563275,0.2029180398352987,0.11715478492234092,3
walker2d-medium-replay-v2,adm,49,3.6447771684510286,0.14953365781164518,0.08633329759046274,3
walker2d-medium-replay-v2,adm,50,3.7229097332916274,0.11614596654472913,0.06705690504988863,3
walker2d-medium-replay-v2,adm,51,3.845435670921452,0.1345407455151648,0.07767713564015333,3
walker2d-medium-replay-v2,adm,52,3.825904789223994,0.13543812088593152,0.07819523555202965,3
walker2d-medium-replay-v2,adm,53,3.933146506569346,0.22168331287075888,0.12798892036078066,3
walker2d-medium-replay-v2,adm,54,4.036309904331141,0.2387939918401693,0.13786777546978707,3
walker2d-medium-replay-v2,adm,55,4.145105396907248,0.08889659670105497,0.05132447403539569,3
walker2d-medium-replay-v2,adm,56,4.453230633643977,0.11631757377342937,0.06715598252957361,3
walker2d-medium-replay-v2,adm,57,4.282521633486868,0.21855004440194326,0.1261799269668666,3
walker2d-medium-replay-v2,adm,58,4.353305810690487,0.15461708627614051,0.08926821638284532,3
walker2d-medium-replay-v2,adm,59,4.570006255778733,0.16884045431517541,0.09748008174896525,3
walker2d-medium-replay-v2,adm,60,4.73622478282794,0.17426272948302843,0.10061063377674541,3
walker2d-medium-replay-v2,adm,61,4.704591041820533,0.2721797608754046,0.15714305820938282,3
walker2d-medium-replay-v2,adm,62,4.898683328071354,0.24940766655153926,0.14399558342148763,3
walker2d-medium-replay-v2,adm,63,4.887237974613045,0.31548076722698015,0.18214290588264667,3
walker2d-medium-replay-v2,adm,64,5.005364993050713,0.18036632631044372,0.10413454704807856,3
walker2d-medium-replay-v2,adm,65,5.107647974582533,0.25931580445947083,0.14971604950979986,3
walker2d-medium-replay-v2,adm,66,5.176666685804526,0.2295000033140727,0.13250188869239987,3
walker2d-medium-replay-v2,adm,67,5.445740284901151,0.3186247744907458,0.1839580993227159,3
walker2d-medium-replay-v2,adm,68,5.1394185750787535,0.4869908154004794,0.28116427836434216,3
walker2d-medium-replay-v2,adm,69,5.448868568408403,0.25696327428915633,0.14835781558269207,3
walker2d-medium-replay-v2,adm,70,5.494024441979573,0.3044207446299059,0.1757573988589825,3
walker2d-medium-replay-v2,adm,71,5.5849054782560925,0.1681392113811098,0.09707521895221513,3
walker2d-medium-replay-v2,adm,72,5.650378632693446,0.17140037188937066,0.09895805084953012,3
walker2d-medium-replay-v2,adm,73,5.690500523286468,0.17581524006689886,0.10150697618026273,3
walker2d-medium-replay-v2,adm,74,5.744603916468036,0.23503931139869966,0.13570000970618354,3
walker2d-medium-replay-v2,adm,75,5.879566727821827,0.34357909586441043,0.1983654834852456,3
walker2d-medium-replay-v2,adm,76,5.791115696839853,0.058215036418128994,0.03361046694689064,3
walker2d-medium-replay-v2,adm,77,5.94184610939422,0.20648743514963314,0.1192155762679161,3
walker2d-medium-replay-v2,adm,78,5.994470678399215,0.3132037522273085,0.1808282706596374,3
walker2d-medium-replay-v2,adm,79,5.999367360818493,0.21614396324133825,0.12479077536109923,3
walker2d-medium-replay-v2,adm,80,6.20153046803301,0.33451967721125137,0.19313502568714272,3
walker2d-medium-replay-v2,adm,81,6.340239566262702,0.34873538529899506,0.20134246857832266,3
walker2d-medium-replay-v2,adm,82,6.318670714669552,0.33758791017325995,0.19490647081369486,3
walker2d-medium-replay-v2,adm,83,6.511431519524748,0.4300090452427802,0.24826583802489313,3
walker2d-medium-replay-v2,adm,84,6.804547702347226,0.26695546622434085,0.15412681028626524,3
walker2d-medium-replay-v2,adm,85,7.058148903840395,0.49179203554516904,0.28393626410731737,3
walker2d-medium-replay-v2,adm,86,7.033423312912805,0.4004007915289158,0.23117150477295875,3
walker2d-medium-replay-v2,adm,87,7.013338963795152,0.3864576269043112,0.22312141492358803,3
walker2d-medium-replay-v2,adm,88,7.314817692879828,0.3959561570898233,0.22860539388309922,3
walker2d-medium-replay-v2,adm,89,7.598159950979068,0.43238105418049916,0.24963531802360536,3
walker2d-medium-replay-v2,adm,90,7.374672070947466,0.08415025795593908,0.04858417408323788,3
walker2d-medium-replay-v2,adm,91,7.5114754051414385,0.24834011127883054,0.14337923009741443,3
walker2d-medium-replay-v2,adm,92,7.603774984542493,0.2692575234492112,0.15545590364473408,3
walker2d-medium-replay-v2,adm,93,7.533204030149361,0.16780814792388585,0.09688407937606804,3
walker2d-medium-replay-v2,adm,94,7.614432929731824,0.15783159482066075,0.09112411375633643,3
walker2d-medium-replay-v2,adm,95,7.880233629985604,0.30036223010240504,0.17341421440401988,3
walker2d-medium-replay-v2,adm,96,7.9357551173659315,0.21470151849158736,0.12395797949653939,3
walker2d-medium-replay-v2,adm,97,7.851264519983676,0.23021818382093176,0.1329165304013617,3
walker2d-medium-replay-v2,adm,98,7.8642411369131855,0.2166452097684033,0.1250801701784306,3
walker2d-medium-replay-v2,adm,99,7.909940542890108,0.22529240388392657,0.1300726300287629,3
walker2d-medium-replay-v2,adm,100,8.3974817617304,0.08870274109828447,0.05121255145095222,3
walker2d-medium-replay-v2,ensemble,1,0.8576594915608672,0.11092698045961388,0.06404372202875043,3
walker2d-medium-replay-v2,ensemble,2,1.2449202108720698,0.1748096580044516,0.10092640310581656,3
walker2d-medium-replay-v2,ensemble,3,1.7133321996823707,0.26287458012489395,0.15177070959821737,3
walker2d-medium-replay-v2,ensemble,4,2.0605590696832192,0.2665129431152816,0.15387131945012728,3
walker2d-medium-replay-v2,ensemble,5,2.338865237232159,0.21028066837424925,0.12140560049124724,3
walker2d-medium-replay-v2,ensemble,6,2.6929194282074014,0.2089480251125549,0.12063619854537426,3
walker2d-medium-replay-v2,ensemble,7,3.0221866891399025,0.2364036786807683,0.13648772752375937,3
walker2d-medium-replay-v2,ensemble,8,3.4755823431949557,0.2054946865671777,0.11864241260659783,3
walker2d-medium-replay-v2,ensemble,9,3.8076523571066283,0.28568614020473143,0.16494096995094687,3
walker2d-medium-replay-v2,ensemble,10,3.9647441798686898,0.39599606438205825,0.22862843436901373,3
walker2d-medium-replay-v2,ensemble,11,4.19791494804534,0.4021962325555866,0.23220810313302126,3
walker2d-medium-replay-v2,ensemble,12,4.396324708750723,0.2764138569275467,0.1595876147048618,3
walker2d-medium-replay-v2,ensemble,13,4.674694580392999,0.29810159600562325,0.17210903669970365,3
walker2d-medium-replay-v2,ensemble,14,4.92058394284652,0.2919787070771945,0.16857398512865712,3
walker2d-medium-replay-v2,ensemble,15,5.108814225937867,0.24614255177843003,0.14211046852829798,3
walker2d-medium-replay-v2,ensemble,16,5.516377357172909,0.4468122323521853,0.2579671626257518,3
walker2d-medium-replay-v2,ensemble,17,5.685645475957139,0.4830397219762569,0.2788831135122739,3
walker2d-medium-replay-v2,ensemble,18,5.76254867651114,0.4116769051991896,0.23768177203590418,3
walker2d-medium-replay-v2,ensemble,19,5.974419750505995,0.3339163761166301,0.19278670963776073,3
walker2d-medium-replay-v2,ensemble,20,6.293072256983565,0.4139567668129026,0.23899805075229646,3
walker2d-medium-replay-v2,ensemble,21,6.574575978854933,0.4906889962327011,0.28329942406333725,3
walker2d-medium-replay-v2,ensemble,22,6.700529811557442,0.6414161069623182,0.37032176201725625,3
walker2d-medium-replay-v2,ensemble,23,6.972690278382295,0.6600147014268198,0.38105966553788495,3
walker2d-medium-replay-v2,ensemble,24,7.09547243206968,0.7754378743589675,0.4476992655009811,3
walker2d-medium-replay-v2,ensemble,25,7.289773184211589,0.6861172546608373,0.3961299816740814,3
walker2d-medium-replay-v2,ensemble,26,7.607647185240964,0.5564278901258041,0.3212537921487485,3
walker2d-medium-replay-v2,ensemble,27,8.037541831003667,0.5509747881292609,0.3181054422431258,3
walker2d-medium-replay-v2,ensemble,28,8.273725433316502,0.30068021001390133,0.17359780019151916,3
walker2d-medium-replay-v2,ensemble,29,8.63519624085381,0.4568450433179101,0.2637596087375417,3
walker2d-medium-replay-v2,ensemble,30,9.023286020873067,0.40749345991849656,0.23526645877695598,3
walker2d-medium-replay-v2,ensemble,31,9.134372510914353,0.39330653100708424,0.22707563155097799,3
walker2d-medium-replay-v2,ensemble,32,9.45656059282625,0.5519666019269185,0.31867806620618944,3
walker2d-medium-replay-v2,ensemble,33,9.594512193934207,0.22341744299315677,0.12899012085375694,3
walker2d-medium-replay-v2,ensemble,34,9.817118984976773,0.17662873691096798,0.10197664880217096,3
walker2d-medium-replay-v2,ensemble,35,9.900492631559944,0.12060512399093035,0.06963140080181184,3
walker2d-medium-replay-v2,ensemble,36,10.046765304047591,0.09295523680472453,0.053667730991793124,3
walker2d-medium-replay-v2,ensemble,37,10.655641113776511,0.45778980778936273,0.26430506875945564,3
walker2d-medium-replay-v2,ensemble,38,10.961951983217888,0.22149309755074584,0.12787909949456716,3
walker2d-medium-replay-v2,ensemble,39,11.614774954612457,0.5823393844789904,0.3362138003886661,3
walker2d-medium-replay-v2,ensemble,40,12.034880421801658,0.9008355309148525,0.5200976362692695,3
walker2d-medium-replay-v2,ensemble,41,12.87337527211002,1.5035872761502374,0.8680965186354358,3
walker2d-medium-replay-v2,ensemble,42,12.83385383243944,1.6685564954627734,0.9633415418135308,3
walker2d-medium-replay-v2,ensemble,43,13.477754789225578,1.9546545499975851,1.1285203306138327,3
walker2d-medium-replay-v2,ensemble,44,14.320680893902283,2.6085980298158096,1.5060747747216852,3
walker2d-medium-replay-v2,ensemble,45,14.74092962600964,2.5243250174749683,1.4574197283612798,3
walker2d-medium-replay-v2,ensemble,46,15.858191150771257,3.1674883022214857,1.8287502239425655,3
walker2d-medium-replay-v2,ensemble,47,16.619328315182212,3.28235743843266,1.895069950655667,3
walker2d-medium-replay-v2,ensemble,48,17.7975726272999,5.398142306011837,3.1166189134998414,3
walker2d-medium-replay-v2,ensemble,49,18.491983316530064,6.266839216817748,3.6181613087978306,3
walker2d-medium-replay-v2,ensemble,50,19.184968645601725,6.328934291426242,3.654011916838394,3
walker2d-medium-replay-v2,ensemble,51,19.153608901504914,7.037437324704701,4.063066333823379,3
walker2d-medium-replay-v2,ensemble,52,19.684871675288047,6.546532271464542,3.779642169188626,3
walker2d-medium-replay-v2,ensemble,53,20.47724302990702,5.800603509338664,3.348979997578966,3
walker2d-medium-replay-v2,ensemble,54,22.432847030642716,7.007678126912883,4.045884852967406,3
walker2d-medium-replay-v2,ensemble,55,22.08949170177155,6.397926830336239,3.693844777750157,3
walker2d-medium-replay-v2,ensemble,56,24.848959997980035,8.783057432389642,5.070900572898103,3
walker2d-medium-replay-v2,ensemble,57,27.942199909021273,11.949144676427272,6.89884189552107,3
walker2d-medium-replay-v2,ensemble,58,29.585202916257867,13.081932825958615,7.552857438587809,3
walker2d-medium-replay-v2,ensemble,59,36.19957099302619,18.336102839679373,10.586353910377548,3
walker2d-medium-replay-v2,ensemble,60,45.03652198284365,28.792469574536735,16.623340059492893,3
walker2d-medium-replay-v2,ensemble,61,52.02382223075535,36.25102926774501,20.929541506133585,3
walker2d-medium-replay-v2,ensemble,62,57.38327706253742,43.57570582717699,25.15844548944858,3
walker2d-medium-replay-v2,ensemble,63,57.63171559871643,44.71666495424487,25.81717854859558,3
walker2d-medium-replay-v2,ensemble,64,70.70300731227526,56.20235751957203,32.448446243016505,3
walker2d-medium-replay-v2,ensemble,65,83.64734860649395,74.35952808014788,42.93149355388692,3
walker2d-medium-replay-v2,ensemble,66,105.88339132740633,108.73988286884735,62.78100064597739,3
walker2d-medium-replay-v2,ensemble,67,139.1269258633,156.42650127118122,90.31288261730782,3
walker2d-medium-replay-v2,ensemble,68,156.06337304926308,197.23390072716157,113.87304567814667,3
walker2d-medium-replay-v2,ensemble,69,166.8379215381609,211.63167252006264,122.18560309850889,3
walker2d-medium-replay-v2,ensemble,70,204.55325718731365,264.2538350661677,152.5670228098429,3
walker2d-medium-replay-v2,ensemble,71,288.54511430504704,394.5204407482917,227.77648266683605,3
walker2d-medium-replay-v2,ensemble,72,258.7236877819995,330.6166258837198,190.88159795253142,3
walker2d-medium-replay-v2,ensemble,73,237.09089283570094,265.74658523677095,153.42886252267354,3
walker2d-medium-replay-v2,ensemble,74,291.454816500868,343.2304589082092,198.16419784473337,3
walker2d-medium-replay-v2,ensemble,75,399.1063172126519,466.8062565883838,269.51071790070495,3
walker2d-medium-replay-v2,ensemble,76,477.7270701992965,562.8644485971678,324.9699409148451,3
walker2d-medium-replay-v2,ensemble,77,560.0622926765582,661.7265281579198,382.0479891618915,3
walker2d-medium-replay-v2,ensemble,78,647.9742735554598,761.7723567113391,439.80947520850725,3
walker2d-medium-replay-v2,ensemble,79,574.9461018291443,656.9277088165331,379.27738952334954,3
walker2d-medium-replay-v2,ensemble,80,667.8179534468676,867.5491418835312,500.8797306016856,3
walker2d-medium-replay-v2,ensemble,81,815.7055329278402,1033.1974253241322,596.516811636916,3
walker2d-medium-replay-v2,ensemble,82,1109.8288337426256,1429.1813298331851,825.1382254999768,3
walker2d-medium-replay-v2,ensemble,83,1291.9969104470267,1830.252909726148,1056.6970101154873,3
walker2d-medium-replay-v2,ensemble,84,1269.3305000198097,1808.9399402437573,1044.391961447599,3
walker2d-medium-replay-v2,ensemble,85,1790.1451230463142,2681.156416661491,1547.9663788990044,3
walker2d-medium-replay-v2,ensemble,86,2083.385984286999,3223.214853261926,1860.923963186773,3
walker2d-medium-replay-v2,ensemble,87,2152.895903778113,3343.348075702707,1930.2829115015752,3
walker2d-medium-replay-v2,ensemble,88,3160.452592805465,5032.103817801453,2905.286493797813,3
walker2d-medium-replay-v2,ensemble,89,2865.090561550685,4524.014601461624,2611.941047971666,3
walker2d-medium-replay-v2,ensemble,90,3413.5462001824803,5424.9787306411645,3132.112930483671,3
walker2d-medium-replay-v2,ensemble,91,4001.9592126082994,6374.351731310722,3680.2336879816025,3
walker2d-medium-replay-v2,ensemble,92,6002.699534799512,9766.982855900607,5638.970181024676,3
walker2d-medium-replay-v2,ensemble,93,7235.228872395711,11758.873383170612,6788.988713140278,3
walker2d-medium-replay-v2,ensemble,94,8357.528886171442,13673.983893360437,7894.678281726256,3
walker2d-medium-replay-v2,ensemble,95,12552.351273947439,21031.73082746469,12142.67545476049,3
walker2d-medium-replay-v2,ensemble,96,13966.653992415224,23418.585686490067,13520.726750135358,3
walker2d-medium-replay-v2,ensemble,97,14046.937185059507,23441.6727303606,13534.056061128802,3
walker2d-medium-replay-v2,ensemble,98,22720.014995841306,38342.530034003124,22137.070036543017,3
walker2d-medium-replay-v2,ensemble,99,38018.65151476196,64650.808455994615,37326.161665395426,3
walker2d-medium-replay-v2,ensemble,100,42915.62536093052,72948.25527223316,42116.69481833735,3
walker2d-medium-replay-v2,rnn,1,0.1120824725005048,0.05371091626735562,0.031010011965379218,3
walker2d-medium-replay-v2,rnn,2,0.20588884340726912,0.10666678296746357,0.06158409585985648,3
walker2d-medium-replay-v2,rnn,3,0.2832930234916972,0.13054049165001136,0.07536758799428016,3
walker2d-medium-replay-v2,rnn,4,0.38697264108027,0.09198830649312893,0.053109473516105794,3
walker2d-medium-replay-v2,rnn,5,0.39974708508967055,0.10112409160286363,0.0583840215084697,3
walker2d-medium-replay-v2,rnn,6,0.48734042663047755,0.11033678567442762,0.06370297291064883,3
walker2d-medium-replay-v2,rnn,7,0.6008071459010933,0.10962605689295223,0.0632926334573432,3
walker2d-medium-replay-v2,rnn,8,0.7256929320761748,0.12021922905811017,0.06940860425846919,3
walker2d-medium-replay-v2,rnn,9,0.8509346658648461,0.11803969770306601,0.0681502512439272,3
walker2d-medium-replay-v2,rnn,10,0.9386349676502922,0.10010903807048264,0.05779798007830765,3
walker2d-medium-replay-v2,rnn,11,0.9716244258807604,0.11052960529427051,0.06381429737007017,3
walker2d-medium-replay-v2,rnn,12,1.0937064849988538,0.16661794962168772,0.09619691806590491,3
walker2d-medium-replay-v2,rnn,13,1.071092284584606,0.09468996240537027,0.05466927528429607,3
walker2d-medium-replay-v2,rnn,14,1.1456356238022654,0.11662108745716918,0.06733121623658352,3
walker2d-medium-replay-v2,rnn,15,1.277608909126031,0.048297253610280436,0.027884432373015036,3
walker2d-medium-replay-v2,rnn,16,1.3164244284509108,0.0647449076134443,0.03738048983927952,3
walker2d-medium-replay-v2,rnn,17,1.377925739763123,0.08531927308753563,0.049259105284151894,3
walker2d-medium-replay-v2,rnn,18,1.4840846620896713,0.12509676753743604,0.07222465241249074,3
walker2d-medium-replay-v2,rnn,19,1.557674562657607,0.04677052532250423,0.02700297538508803,3
walker2d-medium-replay-v2,rnn,20,1.579859273726582,0.03835967004145508,0.022146965824459314,3
walker2d-medium-replay-v2,rnn,21,1.6250328159119223,0.12148445474731198,0.07013908265071549,3
walker2d-medium-replay-v2,rnn,22,1.736499300415644,0.19887022718503664,0.11481777919908294,3
walker2d-medium-replay-v2,rnn,23,1.9053223505162553,0.09408345032804986,0.054319105373188376,3
walker2d-medium-replay-v2,rnn,24,1.8853064578159007,0.024223648677372832,0.013985530084636127,3
walker2d-medium-replay-v2,rnn,25,1.9224222091414849,0.04357731176025228,0.0251593726753419,3
walker2d-medium-replay-v2,rnn,26,2.113615090293414,0.14251368109327578,0.08228031214240726,3
walker2d-medium-replay-v2,rnn,27,2.1125999217261406,0.19513298969331075,0.11266008412720943,3
walker2d-medium-replay-v2,rnn,28,2.1974947600968733,0.14141139860348978,0.0816439090502063,3
walker2d-medium-replay-v2,rnn,29,2.2850622748626983,0.17127927304291518,0.0988881343979305,3
walker2d-medium-replay-v2,rnn,30,2.396123806638499,0.14861689092367392,0.08580400198090839,3
walker2d-medium-replay-v2,rnn,31,2.4825265503922975,0.21148501675901926,0.1221009313553923,3
walker2d-medium-replay-v2,rnn,32,2.611582103367206,0.17635390476766835,0.10181797439025496,3
walker2d-medium-replay-v2,rnn,33,2.688436975217965,0.21806038777269807,0.12589722358016142,3
walker2d-medium-replay-v2,rnn,34,2.708002870760144,0.14272250094959915,0.0824008743426677,3
walker2d-medium-replay-v2,rnn,35,2.8636861203889734,0.15167724290091222,0.08757089701878193,3
walker2d-medium-replay-v2,rnn,36,2.9767388546578215,0.21905675554234766,0.12647247678018048,3
walker2d-medium-replay-v2,rnn,37,3.082384080776651,0.23293699284192643,0.13448623552150815,3
walker2d-medium-replay-v2,rnn,38,3.0703712194467694,0.19644840658870505,0.11341954042586191,3
walker2d-medium-replay-v2,rnn,39,3.1487015117982584,0.21000109911437922,0.12124419110380413,3
walker2d-medium-replay-v2,rnn,40,3.260715145077638,0.18287872225756108,0.1055850795244577,3
walker2d-medium-replay-v2,rnn,41,3.362981983249148,0.17833143024610543,0.10295969925755995,3
walker2d-medium-replay-v2,rnn,42,3.4503085588370594,0.26244890895821305,0.1515249482355479,3
walker2d-medium-replay-v2,rnn,43,3.607603262053248,0.25483688240361846,0.14713014265517413,3
walker2d-medium-replay-v2,rnn,44,3.737632838297479,0.2487942684791144,0.14364143787925274,3
walker2d-medium-replay-v2,rnn,45,3.735411799830718,0.2267699637907744,0.1309256996387253,3
walker2d-medium-replay-v2,rnn,46,3.8678906858473616,0.28815706288455495,0.16636755782528972,3
walker2d-medium-replay-v2,rnn,47,4.01469089917383,0.5467188692530244,0.31564828633428144,3
walker2d-medium-replay-v2,rnn,48,4.0365747557247245,0.4901776519117918,0.2830041992820117,3
walker2d-medium-replay-v2,rnn,49,4.068569892896579,0.5004362927408977,0.2889270283262157,3
walker2d-medium-replay-v2,rnn,50,4.042281191923102,0.49219970345183595,0.28417163128297146,3
walker2d-medium-replay-v2,rnn,51,4.220754894485164,0.4415679156050954,0.2549393549401038,3
walker2d-medium-replay-v2,rnn,52,4.238282760868974,0.2846953903306892,0.16436896024446898,3
walker2d-medium-replay-v2,rnn,53,4.392185872526286,0.2736261804500493,0.15797814894016507,3
walker2d-medium-replay-v2,rnn,54,4.48373277851977,0.21482810001964683,0.12403106137583896,3
walker2d-medium-replay-v2,rnn,55,4.5262713956382195,0.36939365362492893,0.2132695253572921,3
walker2d-medium-replay-v2,rnn,56,4.575511033106593,0.4305034279299577,0.24855127000241775,3
walker2d-medium-replay-v2,rnn,57,4.607513093209089,0.3507058741173794,0.20248013082805202,3
walker2d-medium-replay-v2,rnn,58,4.790634364376138,0.2100253935689012,0.12125821751366221,3
walker2d-medium-replay-v2,rnn,59,4.8910222897709765,0.28050299606608026,0.16194848028724798,3
walker2d-medium-replay-v2,rnn,60,5.045669178385205,0.2859366971399374,0.16508562906493537,3
walker2d-medium-replay-v2,rnn,61,5.001597053911564,0.2443942892945641,0.14110110871262388,3
walker2d-medium-replay-v2,rnn,62,5.25212742630474,0.3141107134253073,0.18135190495144657,3
walker2d-medium-replay-v2,rnn,63,5.3119397216488276,0.39588688840343605,0.22856540158836716,3
walker2d-medium-replay-v2,rnn,64,5.440197486593195,0.32792418275660407,0.1893271151883134,3
walker2d-medium-replay-v2,rnn,65,5.575466565294364,0.27101009115516567,0.15646774908153993,3
walker2d-medium-replay-v2,rnn,66,5.783739718453863,0.30055346595205656,0.1735246244732949,3
walker2d-medium-replay-v2,rnn,67,5.935373486791721,0.4194216288232575,0.24215319030505902,3
walker2d-medium-replay-v2,rnn,68,5.950996304050513,0.274756233451779,0.15863058534491228,3
walker2d-medium-replay-v2,rnn,69,5.966106201594763,0.3024742281403901,0.1746335770397785,3
walker2d-medium-replay-v2,rnn,70,6.0802422536516785,0.2960666772236694,0.17093417579316358,3
walker2d-medium-replay-v2,rnn,71,6.339754866798909,0.23307797282158849,0.1345676303507164,3
walker2d-medium-replay-v2,rnn,72,6.503995051658578,0.26075940107553247,0.15054951040468428,3
walker2d-medium-replay-v2,rnn,73,6.563633846767153,0.23949348827754635,0.13827162992620387,3
walker2d-medium-replay-v2,rnn,74,6.577538556612872,0.33286886516645325,0.19218192890869704,3
walker2d-medium-replay-v2,rnn,75,6.769814991793832,0.43282373565068966,0.2498909002895851,3
walker2d-medium-replay-v2,rnn,76,6.78666994047321,0.41524788030025916,0.23974347547177613,3
walker2d-medium-replay-v2,rnn,77,6.850931153492529,0.5803804614781957,0.3350828156668355,3
walker2d-medium-replay-v2,rnn,78,7.060484685350352,0.6070924320760498,0.35050497908209194,3
walker2d-medium-replay-v2,rnn,79,7.323348144178849,0.771113319328139,0.4452024824898069,3
walker2d-medium-replay-v2,rnn,80,7.286259602027023,0.812161790618576,0.46890182843916334,3
walker2d-medium-replay-v2,rnn,81,7.367919379426173,0.717608126083307,0.41431124476686026,3
walker2d-medium-replay-v2,rnn,82,7.642422517058836,0.38233025374925633,0.22073847492147108,3
walker2d-medium-replay-v2,rnn,83,7.706996089318647,0.3687963251189613,0.21292465758357706,3
walker2d-medium-replay-v2,rnn,84,7.9433147586268165,0.41849396717248877,0.24161760460127082,3
walker2d-medium-replay-v2,rnn,85,8.065294322802341,0.6063571919992924,0.35008048802585706,3
walker2d-medium-replay-v2,rnn,86,8.27578212824933,0.8018185894552364,0.4629301784632268,3
walker2d-medium-replay-v2,rnn,87,8.475095899131167,0.6422006121752759,0.37077469631313803,3
walker2d-medium-replay-v2,rnn,88,8.492234706004858,0.45663097472059067,0.26363601617525423,3
walker2d-medium-replay-v2,rnn,89,8.756348845868702,0.45376725666586687,0.26198264778547625,3
walker2d-medium-replay-v2,rnn,90,8.819920794731196,0.4935302345735059,0.28493981378423283,3
walker2d-medium-replay-v2,rnn,91,8.889186634002817,0.5443571942236883,0.31428477262035587,3
walker2d-medium-replay-v2,rnn,92,9.03895599878692,0.5140798161100345,0.29680412021608177,3
walker2d-medium-replay-v2,rnn,93,9.211293909488914,0.5718123319273218,0.33013600376418695,3
walker2d-medium-replay-v2,rnn,94,9.389072396471292,0.6236063216827542,0.36003927769189054,3
walker2d-medium-replay-v2,rnn,95,9.570155943856962,0.39725222636851487,0.22935367983004024,3
walker2d-medium-replay-v2,rnn,96,9.754364758095596,0.5425411448754177,0.3132362760402702,3
walker2d-medium-replay-v2,rnn,97,10.01694251251013,0.454067109054908,0.2621557676430063,3
walker2d-medium-replay-v2,rnn,98,10.206300584609165,0.6717215751043822,0.38781863220699453,3
walker2d-medium-replay-v2,rnn,99,10.35460163976127,0.6054074063212075,0.3495321290089423,3
walker2d-medium-replay-v2,rnn,100,10.648417746899945,0.6135698025937096,0.3542446906941038,3
