task,model,rollout_length,mean,std,sem,n_seeds,rollout_repeats
hopper-medium-replay-v2,adm,1,0.0030249187809230954,0.00011941134511739453,6.894217224782304e-05,3,20
hopper-medium-replay-v2,adm,2,0.0037998635371097327,0.0003330197635575502,0.00019226905013541712,3,20
hopper-medium-replay-v2,adm,3,0.004882816019570051,0.0004580757523768863,0.00026447015894403566,3,20
hopper-medium-replay-v2,adm,4,0.00624515715119769,0.0009872448205636452,0.0005699860629084844,3,20
hopper-medium-replay-v2,adm,5,0.008270831987598518,0.0006590769130069191,0.00038051823314121233,3,20
hopper-medium-replay-v2,adm,6,0.010293076199015937,0.001223662896713782,0.0007064821028150592,3,20
hopper-medium-replay-v2,adm,7,0.012233888309627123,0.0012486294828168993,0.00072089656802244,3,20
hopper-medium-replay-v2,adm,8,0.01360409052263164,0.0013731669504187009,0.0007927983084665345,3,20
hopper-medium-replay-v2,adm,9,0.014611960128813037,0.0014847541381129464,0.0008572232013199204,3,20
hopper-medium-replay-v2,adm,10,0.015443980308648261,0.0017000527638641155,0.0009815259208535143,3,20
hopper-medium-replay-v2,adm,11,0.017182629876386166,0.0022807462000135636,0.001316789432531047,3,20
hopper-medium-replay-v2,adm,12,0.018022219947019556,0.0023024182846530347,0.001329301816431546,3,20
hopper-medium-replay-v2,adm,13,0.018937119766311006,0.0018434452969306972,0.0010643136384192878,3,20
hopper-medium-replay-v2,adm,14,0.019802438815558057,0.0024601437761830633,0.001420364671424474,3,20
hopper-medium-replay-v2,adm,15,0.020056932263564614,0.0024892130525898293,0.0014371478259830681,3,20
hopper-medium-replay-v2,adm,16,0.021128593574249108,0.0022129930169348033,0.0012776721140420708,3,20
hopper-medium-replay-v2,adm,17,0.02253240175874154,0.003362236649822899,0.0019411882348544763,3,20
hopper-medium-replay-v2,adm,18,0.023070877758375023,0.003456824831936213,0.0019957987472597554,3,20
hopper-medium-replay-v2,adm,19,0.023953783648278947,0.003502421251241756,0.002022123852219894,3,20
hopper-medium-replay-v2,adm,20,0.024716487043569917,0.0036354811597484643,0.002098946026214589,3,20
hopper-medium-replay-v2,adm,21,0.025210758233063953,0.0038726966234820448,0.0022359024380571133,3,20
hopper-medium-replay-v2,adm,22,0.02633938965588849,0.004263963323326377,0.0024618003725371753,3,20
hopper-medium-replay-v2,adm,23,0.027652499081162987,0.004435954666206447,0.002561099620647269,3,20
hopper-medium-replay-v2,adm,24,0.02926955488689494,0.004700909101561436,0.002714071135222457,3,20
hopper-medium-replay-v2,adm,25,0.03038907947755684,0.00495894873890852,0.0028630503893063894,3,20
hopper-medium-replay-v2,adm,26,0.031901499102724634,0.004446181218218335,0.0025670039232042145,3,20
hopper-medium-replay-v2,adm,27,0.033674484779898976,0.004846959493496276,0.0027983933683212872,3,20
hopper-medium-replay-v2,adm,28,0.03613975464252318,0.005036717746907158,0.0029079503470090134,3,20
hopper-medium-replay-v2,adm,29,0.03675188538153636,0.005243357522379671,0.0030272538770033525,3,20
hopper-medium-replay-v2,adm,30,0.03834230791830169,0.005609274605119906,0.0032385162032245096,3,20
hopper-medium-replay-v2,adm,31,0.039911740083614144,0.006097157550620566,0.0035201955531423434,3,20
hopper-medium-replay-v2,adm,32,0.0419415807010525,0.006519035567071702,0.0037637669395055922,3,20
hopper-medium-replay-v2,adm,33,0.042784412818860175,0.006008653734494493,0.003469097851077646,3,20
hopper-medium-replay-v2,adm,34,0.04534683193555581,0.006202675361481493,0.003581116289647199,3,20
hopper-medium-replay-v2,adm,35,0.04683102303128233,0.0065170523530862735,0.0037626219303772443,3,20
hopper-medium-replay-v2,adm,36,0.050134491947699526,0.00645300575809285,0.0037256446115171123,3,20
hopper-medium-replay-v2,adm,37,0.05104859765178427,0.007239746856081487,0.004179869796223394,3,20
hopper-medium-replay-v2,adm,38,0.05373054361315458,0.0069858639797672,0.004033290449240704,3,20
hopper-medium-replay-v2,adm,39,0.05606596734639557,0.00763127225471662,0.004405917090519963,3,20
hopper-medium-replay-v2,adm,40,0.05881472284986348,0.00894547687281554,0.005164673480549623,3,20
hopper-medium-replay-v2,adm,41,0.060645276616922254,0.009280366916986226,0.005358022337700496,3,20
hopper-medium-replay-v2,adm,42,0.06277035053160558,0.009202606386238165,0.005313127274340774,3,20
hopper-medium-replay-v2,adm,43,0.06434704365963807,0.009534256728947902,0.005504605688981072,3,20
hopper-medium-replay-v2,adm,44,0.06747630883663773,0.009951728477598681,0.005745633115443663,3,20
hopper-medium-replay-v2,adm,45,0.07006839325204885,0.01054510989200099,0.0060882220347809575,3,20
hopper-medium-replay-v2,adm,46,0.07182023311559932,0.009713174016229419,0.005607903632955734,3,20
hopper-medium-replay-v2,adm,47,0.07352535228891377,0.010029739210805369,0.005790672633260225,3,20
hopper-medium-replay-v2,adm,48,0.07593498754532539,0.010415010237581665,0.006013108964280483,3,20
hopper-medium-replay-v2,adm,49,0.08001401629019474,0.010817191122334917,0.0062453082063556944,3,20
hopper-medium-replay-v2,adm,50,0.08490141923524579,0.010967295867324625,0.006331971221282143,3,20
hopper-medium-replay-v2,adm,51,0.08775050496667496,0.011571170664087438,0.006680618497749984,3,20
hopper-medium-replay-v2,adm,52,0.08980588093716495,0.012567843546326837,0.007256047854604901,3,20
hopper-medium-replay-v2,adm,53,0.09343056896292273,0.012293318761949503,0.0070975508964454224,3,20
hopper-medium-replay-v2,adm,54,0.09742322635218208,0.013430645596438426,0.007754186850494188,3,20
hopper-medium-replay-v2,adm,55,0.10246564235931788,0.01368992119011416,0.007903879684297172,3,20
hopper-medium-replay-v2,adm,56,0.10685694243940304,0.013360861384793104,0.007713896917115575,3,20
hopper-medium-replay-v2,adm,57,0.11015360473950826,0.013900875979151664,0.008025674488534817,3,20
hopper-medium-replay-v2,adm,58,0.11380440490836141,0.015796825306844644,0.009120301343248248,3,20
hopper-medium-replay-v2,adm,59,0.1202221363081888,0.016978493099373666,0.00980253756135759,3,20
hopper-medium-replay-v2,adm,60,0.12456385703363675,0.016967190440802523,0.009796011968388982,3,20
hopper-medium-replay-v2,adm,61,0.12779982631501297,0.017695049746538464,0.010216241734487801,3,20
hopper-medium-replay-v2,adm,62,0.13294526767981948,0.018097618835547915,0.010448665106394832,3,20
hopper-medium-replay-v2,adm,63,0.13887431096671368,0.018566709354207855,0.010719494643617449,3,20
hopper-medium-replay-v2,adm,64,0.14323861082690004,0.01943771026686396,0.011222367255003859,3,20
hopper-medium-replay-v2,adm,65,0.14544815193613145,0.02060674699214136,0.011897310923035326,3,20
hopper-medium-replay-v2,adm,66,0.1497607543720477,0.019433099787105126,0.011219705393274005,3,20
hopper-medium-replay-v2,adm,67,0.1549118077070567,0.020415491660555812,0.011786889605860459,3,20
hopper-medium-replay-v2,adm,68,0.15851490481959804,0.020624290413218976,0.011907439621916994,3,20
hopper-medium-replay-v2,adm,69,0.16150928608002688,0.021635424323675278,0.012491218057305698,3,20
hopper-medium-replay-v2,adm,70,0.16475436330552953,0.0211611808923095,0.012217413484545254,3,20
hopper-medium-replay-v2,adm,71,0.16895482753291516,0.02265504075281875,0.013079893877141847,3,20
hopper-medium-replay-v2,adm,72,0.17235697432175012,0.02225154769015426,0.012846937048796359,3,20
hopper-medium-replay-v2,adm,73,0.17714924615878536,0.023338579715472645,0.013474535281231671,3,20
hopper-medium-replay-v2,adm,74,0.18369984176788476,0.022333316664626734,0.012894146388219401,3,20
hopper-medium-replay-v2,adm,75,0.18860754137060684,0.02243332821628419,0.012951888084490906,3,20
hopper-medium-replay-v2,adm,76,0.19253018367212213,0.024205564724238533,0.013975089309426028,3,20
hopper-medium-replay-v2,adm,77,0.1951021708742783,0.023882658557392626,0.013788659347074553,3,20
hopper-medium-replay-v2,adm,78,0.1989419658331711,0.023435220508879927,0.013530330869320066,3,20
hopper-medium-replay-v2,adm,79,0.20545492017028064,0.023597840493171755,0.013624219561026565,3,20
hopper-medium-replay-v2,adm,80,0.21192070926772155,0.024903815972290112,0.0143782248554506,3,20
hopper-medium-replay-v2,adm,81,0.21599676766252673,0.025803490271637634,0.014897652054361879,3,20
hopper-medium-replay-v2,adm,82,0.21763645154095798,0.02490042762201395,0.014376268590506548,3,20
hopper-medium-replay-v2,adm,83,0.22163111931189097,0.026408827584308153,0.015247143714782727,3,20
hopper-medium-replay-v2,adm,84,0.22843999496012304,0.029024353897386133,0.016757218535710848,3,20
hopper-medium-replay-v2,adm,85,0.23328053187464484,0.029746830130069582,0.017174340383133743,3,20
hopper-medium-replay-v2,adm,86,0.23927621079941183,0.029794831590146703,0.017202054039030766,3,20
hopper-medium-replay-v2,adm,87,0.24654471416391396,0.03128943004773263,0.0180649608608484,3,20
hopper-medium-replay-v2,adm,88,0.25165303368784087,0.03274579885368807,0.01890579578300615,3,20
hopper-medium-replay-v2,adm,89,0.25768516472248176,0.03168876384244892,0.018295516334724364,3,20
hopper-medium-replay-v2,adm,90,0.2630872396580766,0.03463611823301679,0.019997172185515947,3,20
hopper-medium-replay-v2,adm,91,0.2685927358757817,0.033815303870475294,0.019523274792347906,3,20
hopper-medium-replay-v2,adm,92,0.27279148513779494,0.03373901519743946,0.019479229506434548,3,20
hopper-medium-replay-v2,adm,93,0.28057689879359227,0.03510824082045632,0.020269752288464664,3,20
hopper-medium-replay-v2,adm,94,0.2909250021180382,0.03632666961539051,0.02097321248120831,3,20
hopper-medium-replay-v2,adm,95,0.2984217922842323,0.03709326550566834,0.021415806824819878,3,20
hopper-medium-replay-v2,adm,96,0.30267002423030775,0.03656247099106239,0.021109352468927756,3,20
hopper-medium-replay-v2,adm,97,0.30591847378867093,0.037516731809745796,0.02166029520947173,3,20
hopper-medium-replay-v2,adm,98,0.31341680989507187,0.03798076626673876,0.021928205628129884,3,20
hopper-medium-replay-v2,adm,99,0.3208336754864069,0.03911384905916096,0.022582391283348973,3,20
hopper-medium-replay-v2,adm,100,0.3276869190318967,0.03993335708759656,0.023055534464169324,3,20
hopper-medium-replay-v2,ensemble,1,0.005107888165209019,0.00016387555841141914,9.461359776243308e-05,3,20
hopper-medium-replay-v2,ensemble,2,0.007829499633387915,0.00039611368157727755,0.0002286963406883349,3,20
hopper-medium-replay-v2,ensemble,3,0.010700333389211718,0.0004788229503036758,0.00027644855925199806,3,20
hopper-medium-replay-v2,ensemble,4,0.01429034903866677,0.00036151738423945937,0.00020872215910738124,3,20
hopper-medium-replay-v2,ensemble,5,0.019486461731123787,0.0004474173415633761,0.00025831652259172193,3,20
hopper-medium-replay-v2,ensemble,6,0.02558217198249788,0.0005527324542695375,0.00031912023126236,3,20
hopper-medium-replay-v2,ensemble,7,0.030327052248262706,0.0006299162393269015,0.00036368231034230333,3,20
hopper-medium-replay-v2,ensemble,8,0.03483152098802219,0.0005402793067342491,0.0003119304031806031,3,20
hopper-medium-replay-v2,ensemble,9,0.03942586292134762,0.0004726239478580285,0.00027286956352129643,3,20
hopper-medium-replay-v2,ensemble,10,0.04327532363846365,0.0003008455135598706,0.00017369323823828253,3,20
hopper-medium-replay-v2,ensemble,11,0.04559258889653115,0.0003994537690378001,0.0002306247410827845,3,20
hopper-medium-replay-v2,ensemble,12,0.047884149526148556,0.0004959487557794209,0.00028633614765350866,3,20
hopper-medium-replay-v2,ensemble,13,0.05000893086374059,0.0007502277147957014,0.000433144173090816,3,20
hopper-medium-replay-v2,ensemble,14,0.05247406640513186,0.0009473590754805308,0.0005469580172479195,3,20
hopper-medium-replay-v2,ensemble,15,0.05490464597937746,0.000978201559188949,0.0005647649335194513,3,20
hopper-medium-replay-v2,ensemble,16,0.058554688572148406,0.0008526461611576894,0.0004922754906678931,3,20
hopper-medium-replay-v2,ensemble,17,0.062331440621684976,0.0009763658850084936,0.000563705106537221,3,20
hopper-medium-replay-v2,ensemble,18,0.06678206240946193,0.000677780836614965,0.00039131694847121986,3,20
hopper-medium-replay-v2,ensemble,19,0.0704528614835802,0.0008481600687671698,0.000489685444018617,3,20
hopper-medium-replay-v2,ensemble,20,0.07440479698824398,0.0010632493288927325,0.0006138672862519081,3,20
hopper-medium-replay-v2,ensemble,21,0.07829393563622025,0.0010722865854967186,0.0006190849487849552,3,20
hopper-medium-replay-v2,ensemble,22,0.08160362741248438,0.0011670645990900798,0.0006738050604463403,3,20
hopper-medium-replay-v2,ensemble,23,0.08480355846942937,0.0013669258526967526,0.0007891950090167289,3,20
hopper-medium-replay-v2,ensemble,24,0.08712536773715797,0.001551831151383844,0.0008959501329883093,3,20
hopper-medium-replay-v2,ensemble,25,0.08999292929748942,0.0013943203073002147,0.0008050112047563407,3,20
hopper-medium-replay-v2,ensemble,26,0.0942593145256501,0.001473812885439967,0.000850906266143904,3,20
hopper-medium-replay-v2,ensemble,27,0.0983628218490968,0.0017117954711557942,0.00098830557606938,3,20
hopper-medium-replay-v2,ensemble,28,0.10256133620207654,0.0015379481979663017,0.0008879348060955442,3,20
hopper-medium-replay-v2,ensemble,29,0.10615982092660063,0.001961123113977176,0.0011322549577687199,3,20
hopper-medium-replay-v2,ensemble,30,0.11046973107075007,0.0024095763012294486,0.001391169526147765,3,20
hopper-medium-replay-v2,ensemble,31,0.11405227900141794,0.002173643296944717,0.001254953542613258,3,20
hopper-medium-replay-v2,ensemble,32,0.1173187501185975,0.002329494082023522,0.0013449340353319209,3,20
hopper-medium-replay-v2,ensemble,33,0.12104586413153379,0.002288018840744746,0.0013209882936149147,3,20
hopper-medium-replay-v2,ensemble,34,0.12608288959788752,0.0024503375468815395,0.0014147030422975043,3,20
hopper-medium-replay-v2,ensemble,35,0.12915747016209103,0.0016338351594948224,0.000943295169145811,3,20
hopper-medium-replay-v2,ensemble,36,0.13203096760798386,0.0019041663788745783,0.0010993709714250727,3,20
hopper-medium-replay-v2,ensemble,37,0.13578237703917492,0.002504561619552419,0.0014460093252505943,3,20
hopper-medium-replay-v2,ensemble,38,0.14105164542868195,0.0032570115097949586,0.001880436471933829,3,20
hopper-medium-replay-v2,ensemble,39,0.14762266429930215,0.003696499361946377,0.002134174901679021,3,20
hopper-medium-replay-v2,ensemble,40,0.1531974414548803,0.004267889418979558,0.0024640671049194034,3,20
hopper-medium-replay-v2,ensemble,41,0.15729187054440216,0.004119889691637923,0.0023786194224987194,3,20
hopper-medium-replay-v2,ensemble,42,0.16185246326120814,0.004034741876899895,0.0023294593087388104,3,20
hopper-medium-replay-v2,ensemble,43,0.16612579124790303,0.002591542667282552,0.0014962278565719823,3,20
hopper-medium-replay-v2,ensemble,44,0.17329970740827697,0.0024216302894536153,0.0013981288994937963,3,20
hopper-medium-replay-v2,ensemble,45,0.17920596747220727,0.002479677320679536,0.0014316423685977401,3,20
hopper-medium-replay-v2,ensemble,46,0.18369149445100522,0.002229817595440817,0.00128738578897152,3,20
hopper-medium-replay-v2,ensemble,47,0.18741206574148309,0.00199590932633485,0.0011523387868375102,3,20
hopper-medium-replay-v2,ensemble,48,0.19157279128839946,0.0032159756397541948,0.0018567444013193634,3,20
hopper-medium-replay-v2,ensemble,49,0.19724901071940634,0.0032037759783876355,0.0018497009235453582,3,20
hopper-medium-replay-v2,ensemble,50,0.2027804788222799,0.003388158491122913,0.0019561542169069302,3,20
hopper-medium-replay-v2,ensemble,51,0.2076224174955884,0.003472732119491241,0.002004982824011728,3,20
hopper-medium-replay-v2,ensemble,52,0.21119897299426404,0.0025084251703477336,0.0014482399473422969,3,20
hopper-medium-replay-v2,ensemble,53,0.21955010157817997,0.002915473823514289,0.0016832495968212822,3,20
hopper-medium-replay-v2,ensemble,54,0.2286710721077924,0.002582934056257693,0.001491257672679431,3,20
hopper-medium-replay-v2,ensemble,55,0.23564854526536413,0.001898459703900437,0.0010960762210925747,3,20
hopper-medium-replay-v2,ensemble,56,0.24587071977567307,0.0032853428781063733,0.0018967935950549347,3,20
hopper-medium-replay-v2,ensemble,57,0.25538378648038224,0.0035156891375869173,0.00202978406997285,3,20
hopper-medium-replay-v2,ensemble,58,0.26541768842225294,0.0032254410199118577,0.0018622092411013722,3,20
hopper-medium-replay-v2,ensemble,59,0.2773190646528472,0.003648269716988823,0.002106329503179857,3,20
hopper-medium-replay-v2,ensemble,60,0.28930153448478696,0.0035173664811836047,0.002030752484749921,3,20
hopper-medium-replay-v2,ensemble,61,0.2984876940620503,0.0031675481711062803,0.0018287847892593178,3,20
hopper-medium-replay-v2,ensemble,62,0.3062069452263528,0.0030696635186294157,0.001772271058802267,3,20
hopper-medium-replay-v2,ensemble,63,0.3170362839539684,0.003336987516313725,0.0019266106408261498,3,20
hopper-medium-replay-v2,ensemble,64,0.32506164416592603,0.0031169840402809484,0.001799591574715973,3,20
hopper-medium-replay-v2,ensemble,65,0.33240433578351586,0.00233821306667944,0.0013499679434700752,3,20
hopper-medium-replay-v2,ensemble,66,0.3396964230634795,0.001985771339905747,0.001146485617643627,3,20
hopper-medium-replay-v2,ensemble,67,0.3467788982705467,0.0011730128861826925,0.0006772393056004774,3,20
hopper-medium-replay-v2,ensemble,68,0.35215401510645844,0.00038577134941094487,0.0002227251924280542,3,20
hopper-medium-replay-v2,ensemble,69,0.3564453758306562,0.0004085562348305171,0.000235880052158499,3,20
hopper-medium-replay-v2,ensemble,70,0.36387483870856974,0.0011976564342135762,0.0006914672646898956,3,20
hopper-medium-replay-v2,ensemble,71,0.3719478156444784,0.000933064354649001,0.0005387049563278451,3,20
hopper-medium-replay-v2,ensemble,72,0.3781905209943391,0.0006739712468179941,0.00038911748077643664,3,20
hopper-medium-replay-v2,ensemble,73,0.3875150058796211,0.00139804036112858,0.0008071589788355473,3,20
hopper-medium-replay-v2,ensemble,74,0.40001180141128495,0.0011086058687697893,0.0006400538967594368,3,20
hopper-medium-replay-v2,ensemble,75,0.41012140357995425,0.001827643754445104,0.001055190613611619,3,20
hopper-medium-replay-v2,ensemble,76,0.41814423759774516,0.0010363669875644577,0.0005983467592495812,3,20
hopper-medium-replay-v2,ensemble,77,0.4267477654038286,0.0022322341184304465,0.0012887809691700853,3,20
hopper-medium-replay-v2,ensemble,78,0.43437719889489723,0.002732756022325729,0.0015777574251193307,3,20
hopper-medium-replay-v2,ensemble,79,0.4437511587977883,0.003894057152376189,0.0022482349451641804,3,20
hopper-medium-replay-v2,ensemble,80,0.4545504543240721,0.002981521702651781,0.0017213823576207171,3,20
hopper-medium-replay-v2,ensemble,81,0.4663131351425582,0.0031239232821303167,0.0018035979478656778,3,20
hopper-medium-replay-v2,ensemble,82,0.47599238359856466,0.004006476676851106,0.002313140387881943,3,20
hopper-medium-replay-v2,ensemble,83,0.4880451785150823,0.003247000147028841,0.0018746564089458558,3,20
hopper-medium-replay-v2,ensemble,84,0.5013307473700598,0.0029988386880827394,0.0017313803238208339,3,20
hopper-medium-replay-v2,ensemble,85,0.5131517004050902,0.0033729430378693975,0.001947369570875171,3,20
hopper-medium-replay-v2,ensemble,86,0.524448524448744,0.0030591133333648995,0.0017661799064997983,3,20
hopper-medium-replay-v2,ensemble,87,0.5378919327158483,0.0034199198745873145,0.0019744916601999373,3,20
hopper-medium-replay-v2,ensemble,88,0.5504004395081853,0.004449210513867868,0.002568752887862927,3,20
hopper-medium-replay-v2,ensemble,89,0.5625026141327285,0.004675260059663526,0.002699262653978243,3,20
hopper-medium-replay-v2,ensemble,90,0.574119955000452,0.004230050786072214,0.0024422209600245813,3,20
hopper-medium-replay-v2,ensemble,91,0.5851147484855236,0.0036714646071350095,0.0021197210792495815,3,20
hopper-medium-replay-v2,ensemble,92,0.5944773612473249,0.003197194850456043,0.0018459013075624816,3,20
hopper-medium-replay-v2,ensemble,93,0.6042791501560271,0.001812615271259537,0.0010465139147989202,3,20
hopper-medium-replay-v2,ensemble,94,0.619099698065874,0.0013504383498057332,0.0007796759447843342,3,20
hopper-medium-replay-v2,ensemble,95,0.6323911318292886,0.0023638347673932596,0.001364760639274295,3,20
hopper-medium-replay-v2,ensemble,96,0.6441680928750887,0.003743334186572743,0.002161215000284502,3,20
hopper-medium-replay-v2,ensemble,97,0.6548480563371304,0.00504125345932689,0.002910569041795512,3,20
hopper-medium-replay-v2,ensemble,98,0.6669835743846604,0.0064076580801924595,0.0036994631174741975,3,20
hopper-medium-replay-v2,ensemble,99,0.6798777778867602,0.006964804764724917,0.004021131905767119,3,20
hopper-medium-replay-v2,ensemble,100,0.6936634876360479,0.007599783900081305,0.004387737280494926,3,20
hopper-medium-replay-v2,rnn,1,0.001076102073026664,0.00012064373637590676,6.965369367267202e-05,3,20
hopper-medium-replay-v2,rnn,2,0.0015894926464639027,0.0002494559404362898,0.0001440234543618432,3,20
hopper-medium-replay-v2,rnn,3,0.0021572033601237107,0.00033138993816779716,0.00019132807000791114,3,20
hopper-medium-replay-v2,rnn,4,0.0029603864288853597,0.0004779579752823666,0.00027594916569060284,3,20
hopper-medium-replay-v2,rnn,5,0.004127717965646983,0.0005186961853831713,0.00029946938225860597,3,20
hopper-medium-replay-v2,rnn,6,0.005626670558359358,0.0007294792037265457,0.00042116501463975505,3,20
hopper-medium-replay-v2,rnn,7,0.007194001844153417,0.0008927848662215576,0.0005154495828414403,3,20
hopper-medium-replay-v2,rnn,8,0.008888482548382893,0.0014087973470108199,0.0008133695275303276,3,20
hopper-medium-replay-v2,rnn,9,0.010173493560359704,0.0017797358296744426,0.0010275309603489614,3,20
hopper-medium-replay-v2,rnn,10,0.011420103014892246,0.0018585535668635125,0.0010730364021319882,3,20
hopper-medium-replay-v2,rnn,11,0.012624200419975683,0.002155606658780263,0.0012445400847137347,3,20
hopper-medium-replay-v2,rnn,12,0.013579656308660445,0.002408997589489273,0.0013908354067687914,3,20
hopper-medium-replay-v2,rnn,13,0.014252944367544288,0.002455222254640899,0.001417523229637283,3,20
hopper-medium-replay-v2,rnn,14,0.014909392286625295,0.0022753787442755355,0.001313690530515833,3,20
hopper-medium-replay-v2,rnn,15,0.01581970324300444,0.0024926881191518983,0.0014391541565981305,3,20
hopper-medium-replay-v2,rnn,16,0.017218160099877308,0.002793355486364264,0.001612744541994726,3,20
hopper-medium-replay-v2,rnn,17,0.01829697154986459,0.0028212212535703232,0.0016288328501923197,3,20
hopper-medium-replay-v2,rnn,18,0.019402390505808585,0.0031052140414579363,0.0017927961627271453,3,20
hopper-medium-replay-v2,rnn,19,0.020614002346916727,0.0032033117917336304,0.001849432925255714,3,20
hopper-medium-replay-v2,rnn,20,0.02126796797242106,0.003569325036480134,0.0020607507706370764,3,20
hopper-medium-replay-v2,rnn,21,0.022023972788783347,0.003968728783160816,0.002291346631298513,3,20
hopper-medium-replay-v2,rnn,22,0.023152761851789855,0.00429844890114442,0.0024817106301735824,3,20
hopper-medium-replay-v2,rnn,23,0.024615263570976504,0.005081392337395456,0.0029337432338533685,3,20
hopper-medium-replay-v2,rnn,24,0.02598303018868139,0.005406434413237692,0.003121406363838838,3,20
hopper-medium-replay-v2,rnn,25,0.02717739604661769,0.006174046543499084,0.003564587433878475,3,20
hopper-medium-replay-v2,rnn,26,0.02905359894686954,0.006372848731303042,0.0036793659305225765,3,20
hopper-medium-replay-v2,rnn,27,0.030587596213463453,0.00682307020433317,0.003939301419171471,3,20
hopper-medium-replay-v2,rnn,28,0.03228022327051928,0.00770261526225798,0.004447106995128765,3,20
hopper-medium-replay-v2,rnn,29,0.033089614455022,0.008228446707345361,0.004750695921498334,3,20
hopper-medium-replay-v2,rnn,30,0.034404198324752805,0.00893940714862878,0.005161169123656491,3,20
hopper-medium-replay-v2,rnn,31,0.03586621354557571,0.008808645373209478,0.005085673777418444,3,20
hopper-medium-replay-v2,rnn,32,0.036900378695046775,0.009054015296473861,0.005227338168666174,3,20
hopper-medium-replay-v2,rnn,33,0.0382549849519277,0.00918788998317257,0.00530463075506935,3,20
hopper-medium-replay-v2,rnn,34,0.040672472506322964,0.009245025288884578,0.005337617839202409,3,20
hopper-medium-replay-v2,rnn,35,0.041900120980607435,0.009354852812294112,0.0054010267894073335,3,20
hopper-medium-replay-v2,rnn,36,0.04437580731281399,0.009287237607490086,0.005361989132712418,3,20
hopper-medium-replay-v2,rnn,37,0.046626603910654096,0.01003179703370243,0.005791860717863788,3,20
hopper-medium-replay-v2,rnn,38,0.04971624331570949,0.010381262980717062,0.005993624976445293,3,20
hopper-medium-replay-v2,rnn,39,0.0520470034063212,0.010716669151656198,0.006187271819524865,3,20
hopper-medium-replay-v2,rnn,40,0.05406326240763726,0.01044415292481203,0.006029934502597843,3,20
hopper-medium-replay-v2,rnn,41,0.05601584342516641,0.01073088820907612,0.00619548119615388,3,20
hopper-medium-replay-v2,rnn,42,0.05816467835886303,0.01110904523707037,0.006413810258062308,3,20
hopper-medium-replay-v2,rnn,43,0.06001915917281172,0.011260149333219753,0.0065010502486498095,3,20
hopper-medium-replay-v2,rnn,44,0.06351246648185213,0.011812206214365704,0.00681978043758741,3,20
hopper-medium-replay-v2,rnn,45,0.066090006997801,0.012214074933750086,0.007051799450902873,3,20
hopper-medium-replay-v2,rnn,46,0.06720282812331535,0.01245490190350537,0.007190840966719209,3,20
hopper-medium-replay-v2,rnn,47,0.06847906551200786,0.012613964188441108,0.0072826756197447735,3,20
hopper-medium-replay-v2,rnn,48,0.0708018127782279,0.01255371546753087,0.007247891004508917,3,20
hopper-medium-replay-v2,rnn,49,0.07364350659541617,0.012932174109965344,0.007466394203595601,3,20
hopper-medium-replay-v2,rnn,50,0.07707429018762615,0.01321945659884574,0.007632256825884163,3,20
hopper-medium-replay-v2,rnn,51,0.07894743599134041,0.013500202880312357,0.007794345767062901,3,20
hopper-medium-replay-v2,rnn,52,0.08029220377260794,0.013990971216912557,0.008077690998308771,3,20
hopper-medium-replay-v2,rnn,53,0.08325880374543004,0.01513511584236882,0.008738263205807808,3,20
hopper-medium-replay-v2,rnn,54,0.08649568477342741,0.01594758106915884,0.009207340223202238,3,20
hopper-medium-replay-v2,rnn,55,0.0900846869303839,0.016105627360083363,0.009298588291811932,3,20
hopper-medium-replay-v2,rnn,56,0.09450651093504236,0.017042299624650932,0.009839376275902475,3,20
hopper-medium-replay-v2,rnn,57,0.09830568337971245,0.017794289945094424,0.010273538089838517,3,20
hopper-medium-replay-v2,rnn,58,0.102407065362349,0.018280513248360063,0.010554259244865203,3,20
hopper-medium-replay-v2,rnn,59,0.10757987720773012,0.01876751425019928,0.010835429404372692,3,20
hopper-medium-replay-v2,rnn,60,0.11111347827511951,0.018743350567119562,0.010821478495442004,3,20
hopper-medium-replay-v2,rnn,61,0.11500591736688032,0.019211713530714908,0.011091887978552229,3,20
hopper-medium-replay-v2,rnn,62,0.11940753596557581,0.01986750341048183,0.011470508442167494,3,20
hopper-medium-replay-v2,rnn,63,0.12432887131433373,0.020245041103732483,0.011688479930994988,3,20
hopper-medium-replay-v2,rnn,64,0.12913580008532655,0.020286628629131075,0.011712490499978795,3,20
hopper-medium-replay-v2,rnn,65,0.13255037493016789,0.02108458409783482,0.012173190304636237,3,20
hopper-medium-replay-v2,rnn,66,0.13608751253515536,0.02187748495597124,0.012630971828521983,3,20
hopper-medium-replay-v2,rnn,67,0.1398776554811095,0.022211620761599785,0.012823885225847516,3,20
hopper-medium-replay-v2,rnn,68,0.14377663884401212,0.022068364765635434,0.01274117633801447,3,20
hopper-medium-replay-v2,rnn,69,0.14640758111763794,0.02226169031014018,0.012852792893175518,3,20
hopper-medium-replay-v2,rnn,70,0.15079704347972414,0.022301475442444926,0.012875762850021406,3,20
hopper-medium-replay-v2,rnn,71,0.15382517640933402,0.022972283147450808,0.013263053859081029,3,20
hopper-medium-replay-v2,rnn,72,0.15745479690490818,0.022549991370340635,0.013019243587889905,3,20
hopper-medium-replay-v2,rnn,73,0.1615924607259254,0.023093100972691943,0.013332808063006903,3,20
hopper-medium-replay-v2,rnn,74,0.16634892442929455,0.02386186260096673,0.013776652796034005,3,20
hopper-medium-replay-v2,rnn,75,0.1717891121225914,0.02438497667780403,0.014078672849112904,3,20
hopper-medium-replay-v2,rnn,76,0.17683792198619822,0.024858890181266323,0.014352286937909457,3,20
hopper-medium-replay-v2,rnn,77,0.1808391787365687,0.025432723593844176,0.014683589813131283,3,20
hopper-medium-replay-v2,rnn,78,0.18540309668914,0.026818551658794324,0.015483698019480789,3,20
hopper-medium-replay-v2,rnn,79,0.19073212452833518,0.02909783094719402,0.01679964053019669,3,20
hopper-medium-replay-v2,rnn,80,0.19488618671796373,0.03064825432198368,0.01769477788298939,3,20
hopper-medium-replay-v2,rnn,81,0.19864326948155997,0.030326901986969582,0.017509245025864286,3,20
hopper-medium-replay-v2,rnn,82,0.20293058597057034,0.03172321881127184,0.018315408920249198,3,20
hopper-medium-replay-v2,rnn,83,0.2082526416384249,0.03262524592594799,0.018836194517723812,3,20
hopper-medium-replay-v2,rnn,84,0.21513009180477485,0.0324081310834931,0.01871084320498742,3,20
hopper-medium-replay-v2,rnn,85,0.2209440601385065,0.03380342086139921,0.019516414133859045,3,20
hopper-medium-replay-v2,rnn,86,0.2253397003912578,0.034407774080755786,0.019865337627740183,3,20
hopper-medium-replay-v2,rnn,87,0.23219428064604344,0.03580028343188317,0.020669303276462648,3,20
hopper-medium-replay-v2,rnn,88,0.23913016397620515,0.0361856791680394,0.020891811608476984,3,20
hopper-medium-replay-v2,rnn,89,0.24501588553318795,0.03718304841234939,0.021467643010160808,3,20
hopper-medium-replay-v2,rnn,90,0.2511953078987997,0.037563481826196364,0.021687286344054087,3,20
hopper-medium-replay-v2,rnn,91,0.25777383220842703,0.03771085608381022,0.021772372911359066,3,20
hopper-medium-replay-v2,rnn,92,0.26457667570619636,0.03867834907792794,0.02233095525195201,3,20
hopper-medium-replay-v2,rnn,93,0.27101788155366036,0.038834382146823394,0.022421040986281286,3,20
hopper-medium-replay-v2,rnn,94,0.27862507318725255,0.039183087489632173,0.022622366109819794,3,20
hopper-medium-replay-v2,rnn,95,0.28607149412787275,0.04071106249604306,0.02350454289108614,3,20
hopper-medium-replay-v2,rnn,96,0.2912876194223204,0.04003094737829493,0.02311187824477432,3,20
hopper-medium-replay-v2,rnn,97,0.2957930428553157,0.041122359410333154,0.023742005275268388,3,20
hopper-medium-replay-v2,rnn,98,0.3023856945798381,0.04185352018558328,0.024164141145679944,3,20
hopper-medium-replay-v2,rnn,99,0.30952095249290995,0.043306008517691806,0.025002735675217592,3,20
hopper-medium-replay-v2,rnn,100,0.3166967085288377,0.04597444695639271,0.026543359326117504,3,20
walker2d-medium-replay-v2,adm,1,0.3066390604206602,0.011657651342468083,0.00673054814069275,3,20
walker2d-medium-replay-v2,adm,2,0.3604862367221215,0.009696691776817985,0.005598387607594695,3,20
walker2d-medium-replay-v2,adm,3,0.41826335154871713,0.01066000087339149,0.006154554373814223,3,20
walker2d-medium-replay-v2,adm,4,0.4782874534896062,0.027831065523045186,0.01606827317156425,3,20
walker2d-medium-replay-v2,adm,5,0.551226139880784,0.028644412651385745,0.01653785935505628,3,20
walker2d-medium-replay-v2,adm,6,0.6344033040277969,0.010786776042268614,0.00622774805169199,3,20
walker2d-medium-replay-v2,adm,7,0.7288860714600585,0.014575746408131522,0.008415311112374455,3,20
walker2d-medium-replay-v2,adm,8,0.7744067457631928,0.0034004202203383087,0.0019632335295701694,3,20
walker2d-medium-replay-v2,adm,9,0.8500408304079178,0.016533974189102518,0.009545894448852664,3,20
walker2d-medium-replay-v2,adm,10,0.9079155551388477,0.019116209180609467,0.011036748516310072,3,20
walker2d-medium-replay-v2,adm,11,1.002672838137505,0.005749287577033017,0.003319352730248584,3,20
walker2d-medium-replay-v2,adm,12,1.0704659757488402,0.014474592522462913,0.008356909889254107,3,20
walker2d-medium-replay-v2,adm,13,1.1246070918502034,0.023536740981145613,0.013588943741310916,3,20
walker2d-medium-replay-v2,adm,14,1.1847533590437873,0.021421664517146354,0.012367803775464302,3,20
walker2d-medium-replay-v2,adm,15,1.2273343744123097,0.016957359163767644,0.009790335877946418,3,20
walker2d-medium-replay-v2,adm,16,1.2916048439483534,0.030633398659718918,0.01768620096238184,3,20
walker2d-medium-replay-v2,adm,17,1.3563570121441872,0.030035241417646373,0.017340854717653533,3,20
walker2d-medium-replay-v2,adm,18,1.4113523415333038,0.013703497424263963,0.007911717926738143,3,20
walker2d-medium-replay-v2,adm,19,1.4749702819375934,0.0191001388446761,0.011027470303532974,3,20
walker2d-medium-replay-v2,adm,20,1.537551433639053,0.011752857542902175,0.006785515466141895,3,20
walker2d-medium-replay-v2,adm,21,1.5970037222081708,0.02783378747502447,0.016069844691272213,3,20
walker2d-medium-replay-v2,adm,22,1.6652887307397923,0.020356777597859345,0.011752991025957437,3,20
walker2d-medium-replay-v2,adm,23,1.7275943170161316,0.009566339690816592,0.00552312879565236,3,20
walker2d-medium-replay-v2,adm,24,1.7901349714951431,0.02050118851618324,0.011836366708525657,3,20
walker2d-medium-replay-v2,adm,25,1.861255456351911,0.03313136755757605,0.019128403977986968,3,20
walker2d-medium-replay-v2,adm,26,1.924392365395848,0.0328272064325908,0.018952796470599713,3,20
walker2d-medium-replay-v2,adm,27,1.9864394257228881,0.038485465490737045,0.022219593860965087,3,20
walker2d-medium-replay-v2,adm,28,2.0594943687942635,0.029332452223818174,0.01693509918741326,3,20
walker2d-medium-replay-v2,adm,29,2.13555749187312,0.014544595852932555,0.008397326330944926,3,20
walker2d-medium-replay-v2,adm,30,2.204162842705916,0.028429230841094565,0.01641362407895996,3,20
walker2d-medium-replay-v2,adm,31,2.291391476272059,0.016376051073092767,0.00945471749531317,3,20
walker2d-medium-replay-v2,adm,32,2.380067305193219,0.027482948591925068,0.015867287767672586,3,20
walker2d-medium-replay-v2,adm,33,2.445790559968772,0.017399808169270774,0.01004578393037633,3,20
walker2d-medium-replay-v2,adm,34,2.520838429815272,0.035984362784960026,0.020775581540513822,3,20
walker2d-medium-replay-v2,adm,35,2.6091542273732284,0.033344252651395456,0.01925131324421006,3,20
walker2d-medium-replay-v2,adm,36,2.7068825915329175,0.029253593881310033,0.016889570302138338,3,20
walker2d-medium-replay-v2,adm,37,2.7725213872015964,0.013439595680401074,0.007759354183879292,3,20
walker2d-medium-replay-v2,adm,38,2.856333975336735,0.031985623824130095,0.018466908525059618,3,20
walker2d-medium-replay-v2,adm,39,2.9337326603901146,0.03497547138660714,0.02019309782009169,3,20
walker2d-medium-replay-v2,adm,40,3.0203606039379487,0.023351524424102616,0.013482008912243767,3,20
walker2d-medium-replay-v2,adm,41,3.1016027120695355,0.030876303803676692,0.017826442312633407,3,20
walker2d-medium-replay-v2,adm,42,3.179927769956798,0.06636770056472158,0.038317409786538484,3,20
walker2d-medium-replay-v2,adm,43,3.243212116217236,0.024710404675497327,0.01426655879118297,3,20
walker2d-medium-replay-v2,adm,44,3.306670933282597,0.03618255737468784,0.020890009240245106,3,20
walker2d-medium-replay-v2,adm,45,3.3834369001914184,0.05046783472637574,0.02913761796469058,3,20
walker2d-medium-replay-v2,adm,46,3.466102613744509,0.05252148764785667,0.030323295031729654,3,20
walker2d-medium-replay-v2,adm,47,3.535088134773872,0.027664142871044402,0.015971900333497754,3,20
walker2d-medium-replay-v2,adm,48,3.5804548263380256,0.0464628108165364,0.026825316332233947,3,20
walker2d-medium-replay-v2,adm,49,3.681307022153334,0.05458811479946222,0.03151646277402371,3,20
walker2d-medium-replay-v2,adm,50,3.765221328773938,0.04215363365821946,0.024337411739893875,3,20
walker2d-medium-replay-v2,adm,51,3.8325215456263035,0.061482811347891624,0.03549711768224021,3,20
walker2d-medium-replay-v2,adm,52,3.9084220586561678,0.054736855556255404,0.03160233828999772,3,20
walker2d-medium-replay-v2,adm,53,3.975140183472611,0.06903809897849586,0.039859165029574616,3,20
walker2d-medium-replay-v2,adm,54,4.045543022189354,0.04120426300228337,0.023789292336128445,3,20
walker2d-medium-replay-v2,adm,55,4.133267298043395,0.0932943050315459,0.05386349212382208,3,20
walker2d-medium-replay-v2,adm,56,4.218903333069347,0.07702073998688745,0.04446794496461365,3,20
walker2d-medium-replay-v2,adm,57,4.294057623667051,0.07356364695718447,0.04247199137330105,3,20
walker2d-medium-replay-v2,adm,58,4.3678247579314595,0.07370500513223115,0.0425536045537164,3,20
walker2d-medium-replay-v2,adm,59,4.449118681995998,0.059444938990101955,0.034320551527896245,3,20
walker2d-medium-replay-v2,adm,60,4.537674155836296,0.06055974378595015,0.03496418437687309,3,20
walker2d-medium-replay-v2,adm,61,4.608864614529657,0.08199980477160174,0.04734260935838103,3,20
walker2d-medium-replay-v2,adm,62,4.696859932555852,0.07597360952654146,0.04386338391145623,3,20
walker2d-medium-replay-v2,adm,63,4.7667402422424905,0.08318013054208,0.0480240707596981,3,20
walker2d-medium-replay-v2,adm,64,4.854919684176186,0.0735343534951874,0.04245507878513155,3,20
walker2d-medium-replay-v2,adm,65,4.92017854387356,0.10135658035264337,0.05851824895073859,3,20
walker2d-medium-replay-v2,adm,66,5.017152799520371,0.08920157307335577,0.05150055222604003,3,20
walker2d-medium-replay-v2,adm,67,5.1027578240362494,0.09882025157686981,0.05705389884929233,3,20
walker2d-medium-replay-v2,adm,68,5.183525445350934,0.1068627716452076,0.06169724997571012,3,20
walker2d-medium-replay-v2,adm,69,5.254279988519185,0.09467261933341231,0.05465926225703257,3,20
walker2d-medium-replay-v2,adm,70,5.346142410449333,0.10690883108604367,0.06172384240627555,3,20
walker2d-medium-replay-v2,adm,71,5.446466533156841,0.11354619043831865,0.06555592361501979,3,20
walker2d-medium-replay-v2,adm,72,5.520629613980948,0.10525582819001188,0.06076948073928036,3,20
walker2d-medium-replay-v2,adm,73,5.586314434288362,0.11426444132676902,0.0659706059588123,3,20
walker2d-medium-replay-v2,adm,74,5.71196699592011,0.1299287694079076,0.07501440999313226,3,20
walker2d-medium-replay-v2,adm,75,5.784196688093061,0.13260626382294904,0.07656026211441017,3,20
walker2d-medium-replay-v2,adm,76,5.856447962734369,0.12555955161207333,0.07249184092255925,3,20
walker2d-medium-replay-v2,adm,77,5.940498007454054,0.1467955718338453,0.08475246291411564,3,20
walker2d-medium-replay-v2,adm,78,6.054790414628484,0.15420033211819256,0.08902760325756817,3,20
walker2d-medium-replay-v2,adm,79,6.11963476488057,0.14827149822726274,0.08560458941465926,3,20
walker2d-medium-replay-v2,adm,80,6.260896932201553,0.15799125634433148,0.09121629438000695,3,20
walker2d-medium-replay-v2,adm,81,6.286777149142307,0.17243919527043683,0.09955781580822914,3,20
walker2d-medium-replay-v2,adm,82,6.384357385063999,0.17081708199229614,0.09862128827043856,3,20
walker2d-medium-replay-v2,adm,83,6.487323621190176,0.19602540692687342,0.11317532145723631,3,20
walker2d-medium-replay-v2,adm,84,6.571103153261049,0.16524049138496605,0.09540164218213619,3,20
walker2d-medium-replay-v2,adm,85,6.6576257126620995,0.16053183851003225,0.09268310017727266,3,20
walker2d-medium-replay-v2,adm,86,6.75161749921218,0.20862624936119833,0.12045042122870986,3,20
walker2d-medium-replay-v2,adm,87,6.870263303845633,0.20285112221909674,0.11711615001861318,3,20
walker2d-medium-replay-v2,adm,88,6.925498134131623,0.2153739277481009,0.12434619516179307,3,20
walker2d-medium-replay-v2,adm,89,7.07563549244655,0.17185264711924747,0.0992191720752473,3,20
walker2d-medium-replay-v2,adm,90,7.1325264949808584,0.26345167808623826,0.1521038972615483,3,20
walker2d-medium-replay-v2,adm,91,7.222114005664241,0.20313301284784926,0.1172788996490055,3,20
walker2d-medium-replay-v2,adm,92,7.339349422945425,0.1860650829966574,0.1074247257549102,3,20
walker2d-medium-replay-v2,adm,93,7.453124635273901,0.23594471976204356,0.13622274746848667,3,20
walker2d-medium-replay-v2,adm,94,7.566931852887894,0.27350428420334155,0.15790777210931517,3,20
walker2d-medium-replay-v2,adm,95,7.669079595542601,0.2679160810204453,0.15468142149738368,3,20
walker2d-medium-replay-v2,adm,96,7.789212729097588,0.28269889110134283,0.163216280876969,3,20
walker2d-medium-replay-v2,adm,97,7.835458674016404,0.2789501532177135,0.16105194605073425,3,20
walker2d-medium-replay-v2,adm,98,7.999424424007297,0.2912981080056586,0.16818104107149567,3,20
walker2d-medium-replay-v2,adm,99,8.058681639169565,0.2867131260225796,0.16553390048933544,3,20
walker2d-medium-replay-v2,adm,100,8.214329716647475,0.2994618779767534,0.17289439586190944,3,20
walker2d-medium-replay-v2,ensemble,1,0.9031844053087693,0.11644056050181674,0.0672269889503148,3,20
walker2d-medium-replay-v2,ensemble,2,1.3164088416569386,0.15005894663188285,0.08663657323222926,3,20
walker2d-medium-replay-v2,ensemble,3,1.6524541957395351,0.171620837680881,0.09908533683360571,3,20
walker2d-medium-replay-v2,ensemble,4,1.929287952572435,0.17753368099930858,0.10249911851517596,3,20
walker2d-medium-replay-v2,ensemble,5,2.2256627567006784,0.1782790312040667,0.10292944665653361,3,20
walker2d-medium-replay-v2,ensemble,6,2.519719066383253,0.1808852602375325,0.10443415369057492,3,20
walker2d-medium-replay-v2,ensemble,7,2.824181945997166,0.19376845264954765,0.11187226829767359,3,20
walker2d-medium-replay-v2,ensemble,8,3.1179714330842034,0.1912433309754049,0.11041438861937072,3,20
walker2d-medium-replay-v2,ensemble,9,3.407887148481971,0.1911112888712303,0.11033815407498115,3,20
walker2d-medium-replay-v2,ensemble,10,3.6823319102120156,0.1889560803116424,0.1090938438329433,3,20
walker2d-medium-replay-v2,ensemble,11,3.928997319078064,0.19515478829565455,0.1126726695561406,3,20
walker2d-medium-replay-v2,ensemble,12,4.149909254897257,0.2069866523088802,0.11950379942919145,3,20
walker2d-medium-replay-v2,ensemble,13,4.365822540938056,0.20722050673959388,0.1196388153477152,3,20
walker2d-medium-replay-v2,ensemble,14,4.580412679268783,0.2039068786880465,0.11772569130016002,3,20
walker2d-medium-replay-v2,ensemble,15,4.789311035298906,0.2133219933786357,0.1231615103012229,3,20
walker2d-medium-replay-v2,ensemble,16,5.00003404305822,0.21562111691858193,0.12448890989591106,3,20
walker2d-medium-replay-v2,ensemble,17,5.211496605107417,0.2232136095469927,0.12887243755874428,3,20
walker2d-medium-replay-v2,ensemble,18,5.428483767428858,0.22631981290416903,0.13066580490316773,3,20
walker2d-medium-replay-v2,ensemble,19,5.650998430590422,0.23271389057983694,0.134357427370434,3,20
walker2d-medium-replay-v2,ensemble,20,5.8738896044754485,0.23974738887365543,0.13841821950371486,3,20
walker2d-medium-replay-v2,ensemble,21,6.094636521583605,0.23469347007429558,0.13550033812444195,3,20
walker2d-medium-replay-v2,ensemble,22,6.304699709166325,0.24748956645471087,0.1428881678142511,3,20
walker2d-medium-replay-v2,ensemble,23,6.513139873803933,0.24917510555160935,0.14386131426557508,3,20
walker2d-medium-replay-v2,ensemble,24,6.730120093111775,0.25137767050564086,0.1451329657346928,3,20
walker2d-medium-replay-v2,ensemble,25,6.950637117073975,0.246815654665963,0.14249908466160746,3,20
walker2d-medium-replay-v2,ensemble,26,7.169277507095515,0.25005200270811956,0.14436759107493788,3,20
walker2d-medium-replay-v2,ensemble,27,7.3978565027665235,0.24196650212807397,0.13969942513851566,3,20
walker2d-medium-replay-v2,ensemble,28,7.640218364385696,0.22902503504712382,0.1322276656356204,3,20
walker2d-medium-replay-v2,ensemble,29,7.892881195695208,0.23283491566603348,0.13442730123652824,3,20
walker2d-medium-replay-v2,ensemble,30,8.152137820508665,0.24225703349540006,0.13986716350164943,3,20
walker2d-medium-replay-v2,ensemble,31,8.431493277076989,0.2584434316941394,0.14921238485890206,3,20
walker2d-medium-replay-v2,ensemble,32,8.720086084334604,0.3039328986322511,0.1754757408409134,3,20
walker2d-medium-replay-v2,ensemble,33,9.036804228289517,0.4156424610715703,0.2399712867863097,3,20
walker2d-medium-replay-v2,ensemble,34,9.35552150687594,0.5268235095840057,0.30416169507374907,3,20
walker2d-medium-replay-v2,ensemble,35,9.702188015772952,0.6583844883449022,0.3801184615762033,3,20
walker2d-medium-replay-v2,ensemble,36,10.045609527881487,0.8143297243036773,0.47015348553584185,3,20
walker2d-medium-replay-v2,ensemble,37,10.424112682814311,0.9593255568204367,0.5538668684707668,3,20
walker2d-medium-replay-v2,ensemble,38,10.876296152171307,1.2522423097914732,0.7229824346487459,3,20
walker2d-medium-replay-v2,ensemble,39,11.423725440112387,1.6666941357834621,0.9622663079513526,3,20
walker2d-medium-replay-v2,ensemble,40,11.843230994573084,1.8286387707252163,1.05576508652879,3,20
walker2d-medium-replay-v2,ensemble,41,12.387680065011885,2.1931093034199063,1.2661922466917557,3,20
walker2d-medium-replay-v2,ensemble,42,12.977465505356355,2.694164864021659,1.5554768094841362,3,20
walker2d-medium-replay-v2,ensemble,43,13.675272186728387,3.3125771902155554,1.9125173324823652,3,20
walker2d-medium-replay-v2,ensemble,44,14.59208830738452,4.25162878767927,2.4546790250609893,3,20
walker2d-medium-replay-v2,ensemble,45,15.563877926569859,5.214628428918762,3.0106671271601226,3,20
walker2d-medium-replay-v2,ensemble,46,16.50927798781699,6.107996463598948,3.526453402468135,3,20
walker2d-medium-replay-v2,ensemble,47,17.755323425592184,7.340469272488649,4.238021910449498,3,20
walker2d-medium-replay-v2,ensemble,48,19.21434237846489,8.90702993802027,5.14247613239606,3,20
walker2d-medium-replay-v2,ensemble,49,20.963004056797132,10.863010516967439,6.2717620461808865,3,20
walker2d-medium-replay-v2,ensemble,50,22.598656218773616,12.674860262400383,7.317833984437752,3,20
walker2d-medium-replay-v2,ensemble,51,24.909062775516855,15.455898155459987,8.923466960622264,3,20
walker2d-medium-replay-v2,ensemble,52,27.76461088469689,18.916761365261742,10.92159726642978,3,20
walker2d-medium-replay-v2,ensemble,53,31.10689629025006,22.748531145634118,13.133870580600444,3,20
walker2d-medium-replay-v2,ensemble,54,33.93138244503377,26.256647389856333,15.159282438550639,3,20
walker2d-medium-replay-v2,ensemble,55,39.86429659423503,34.67971746017606,20.02234421105281,3,20
walker2d-medium-replay-v2,ensemble,56,49.20640432574714,48.60276199491963,28.060817721126163,3,20
walker2d-medium-replay-v2,ensemble,57,55.409612538495026,57.30202154229678,33.08333756255478,3,20
walker2d-medium-replay-v2,ensemble,58,61.05213760213533,63.94772153638073,36.92023424309265,3,20
walker2d-medium-replay-v2,ensemble,59,69.04639371269735,75.20941140044447,43.422173917639924,3,20
walker2d-medium-replay-v2,ensemble,60,86.58490446520135,102.14275066111855,58.97214458996562,3,20
walker2d-medium-replay-v2,ensemble,61,95.96637675939307,112.90239987197738,65.18423095824092,3,20
walker2d-medium-replay-v2,ensemble,62,106.60197365014558,127.48631956492476,73.60426091880396,3,20
walker2d-medium-replay-v2,ensemble,63,124.88488668717831,155.0280551617667,89.50548937959016,3,20
walker2d-medium-replay-v2,ensemble,64,146.46331681008874,186.55509272680908,107.70763300451883,3,20
walker2d-medium-replay-v2,ensemble,65,171.0515015392261,223.19379274506292,128.86099632281562,3,20
walker2d-medium-replay-v2,ensemble,66,188.86938889280032,244.27559372509677,141.03257979364028,3,20
walker2d-medium-replay-v2,ensemble,67,229.84150672273094,306.1084877799834,176.7318178210027,3,20
walker2d-medium-replay-v2,ensemble,68,286.11254982648103,392.83672113977167,226.80438669761713,3,20
walker2d-medium-replay-v2,ensemble,69,320.22702089823184,424.7038620951333,245.2028891064989,3,20
walker2d-medium-replay-v2,ensemble,70,378.22878563376133,512.6751679663264,295.99314623219516,3,20
walker2d-medium-replay-v2,ensemble,71,439.6345030021691,595.7101778899712,343.9334315637747,3,20
walker2d-medium-replay-v2,ensemble,72,508.550720126834,701.3559423899394,404.9280421365752,3,20
walker2d-medium-replay-v2,ensemble,73,576.0770957821785,799.4451932712833,461.55989753752783,3,20
walker2d-medium-replay-v2,ensemble,74,606.7740899454144,824.2712254976595,475.8932139263365,3,20
walker2d-medium-replay-v2,ensemble,75,650.1741819494827,881.8182988066993,509.1180321923857,3,20
walker2d-medium-replay-v2,ensemble,76,750.6502260623765,1030.9322706707057,595.2090239880041,3,20
walker2d-medium-replay-v2,ensemble,77,855.3072295024576,1173.5975589999898,677.5768666089318,3,20
walker2d-medium-replay-v2,ensemble,78,926.7004439848841,1263.6498690489689,729.5685920568576,3,20
walker2d-medium-replay-v2,ensemble,79,1013.3153488284138,1359.4348199598019,784.8700592495421,3,20
walker2d-medium-replay-v2,ensemble,80,1085.0687525584942,1454.5761646965334,839.799940244357,3,20
walker2d-medium-replay-v2,ensemble,81,1246.749793487519,1665.8016480382635,961.7510299114138,3,20
walker2d-medium-replay-v2,ensemble,82,1335.6740283082104,1749.8954512579269,1010.3026098374658,3,20
walker2d-medium-replay-v2,ensemble,83,1632.8117899451302,2125.494724283998,1227.1549512264958,3,20
walker2d-medium-replay-v2,ensemble,84,1835.571383657515,2323.74749029693,1341.61623905165,3,20
walker2d-medium-replay-v2,ensemble,85,2274.7353271224197,2927.403823290352,1690.1373854034246,3,20
walker2d-medium-replay-v2,ensemble,86,2662.979879562587,3518.9365997404907,2031.6589931213987,3,20
walker2d-medium-replay-v2,ensemble,87,3060.202572945285,4151.417618958538,2396.8220798242673,3,20
walker2d-medium-replay-v2,ensemble,88,3371.8139511922654,4553.064676595726,2628.713116670319,3,20
walker2d-medium-replay-v2,ensemble,89,3819.5197955432154,5205.113690059574,3005.1737901185015,3,20
walker2d-medium-replay-v2,ensemble,90,4443.009528996137,6159.272307342678,3556.0575246565027,3,20
walker2d-medium-replay-v2,ensemble,91,4699.626410278561,6385.342283351268,3686.5790861607543,3,20
walker2d-medium-replay-v2,ensemble,92,5287.280510715268,7128.969374496841,4115.912387410349,3,20
walker2d-medium-replay-v2,ensemble,93,6152.502804079017,8388.990093850678,4843.385688913793,3,20
walker2d-medium-replay-v2,ensemble,94,7371.697360723928,10147.257726165577,5858.521979738206,3,20
walker2d-medium-replay-v2,ensemble,95,9187.239373363604,13063.496492508524,7542.213216507529,3,20
walker2d-medium-replay-v2,ensemble,96,10347.59047906771,14397.435105614406,8312.363033866646,3,20
walker2d-medium-replay-v2,ensemble,97,13271.877869034028,18819.466235424406,10865.423897027355,3,20
walker2d-medium-replay-v2,ensemble,98,15017.738846199749,21209.200110337715,12245.137393000121,3,20
walker2d-medium-replay-v2,ensemble,99,18459.06257249281,26042.34491054224,15035.554844430644,3,20
walker2d-medium-replay-v2,ensemble,100,21387.854427715447,30213.829242990018,17443.962446689675,3,20
walker2d-medium-replay-v2,rnn,1,0.11246635687703514,0.007036065030356567,0.004062274039312076,3,20
walker2d-medium-replay-v2,rnn,2,0.18010759838560475,0.0036530609064183797,0.00210909569768675,3,20
walker2d-medium-replay-v2,rnn,3,0.24489633359564542,0.007672925419491871,0.004429965556415554,3,20
walker2d-medium-replay-v2,rnn,4,0.31346518591622347,0.02058434832188079,0.011884379044730897,3,20
walker2d-medium-replay-v2,rnn,5,0.3820495720195478,0.006124110762700704,0.003535756997392336,3,20
walker2d-medium-replay-v2,rnn,6,0.45855978685765164,0.007167683827483084,0.004138264187263486,3,20
walker2d-medium-replay-v2,rnn,7,0.544386911482833,0.005203800994616492,0.0030044159050510743,3,20
walker2d-medium-replay-v2,rnn,8,0.6209349039979382,0.01124277288456175,0.006491017951339552,3,20
walker2d-medium-replay-v2,rnn,9,0.7061487292691674,0.006388685776368221,0.0036885094527541263,3,20
walker2d-medium-replay-v2,rnn,10,0.7827017709694516,0.009876295016327556,0.005702081586272874,3,20
walker2d-medium-replay-v2,rnn,11,0.8608747953910342,0.010911696106287859,0.006299870684280687,3,20
walker2d-medium-replay-v2,rnn,12,0.9475525770619244,0.005988257783264154,0.0034573222431444313,3,20
walker2d-medium-replay-v2,rnn,13,1.0178223935360347,0.014361868528877532,0.008291828661213458,3,20
walker2d-medium-replay-v2,rnn,14,1.0928173237757732,0.010284084359240464,0.005937518873176302,3,20
walker2d-medium-replay-v2,rnn,15,1.1678226249662118,0.01457412412948193,0.008414374489359413,3,20
walker2d-medium-replay-v2,rnn,16,1.23907366978217,0.023487960386690147,0.013560780251970824,3,20
walker2d-medium-replay-v2,rnn,17,1.3102039978993414,0.03241601410239333,0.018715394468071495,3,20
walker2d-medium-replay-v2,rnn,18,1.385588787139591,0.03772657673242695,0.021781449232069774,3,20
walker2d-medium-replay-v2,rnn,19,1.4593553818383667,0.0347079540487327,0.020038646613056984,3,20
walker2d-medium-replay-v2,rnn,20,1.5364179661378303,0.04116762742779531,0.023768140777335845,3,20
walker2d-medium-replay-v2,rnn,21,1.6090762202384725,0.042864665711670046,0.024747926287356024,3,20
walker2d-medium-replay-v2,rnn,22,1.688363971403728,0.04675694125361359,0.026995132619257328,3,20
walker2d-medium-replay-v2,rnn,23,1.7630744293301202,0.05031126463006646,0.02904722217743937,3,20
walker2d-medium-replay-v2,rnn,24,1.8314256844678105,0.052437195748807536,0.030274629081123133,3,20
walker2d-medium-replay-v2,rnn,25,1.9081432659376858,0.06075399674771503,0.03507633637663893,3,20
walker2d-medium-replay-v2,rnn,26,1.9866291399885652,0.06717181340095411,0.03878166454899617,3,20
walker2d-medium-replay-v2,rnn,27,2.0655829712741993,0.07189570378139426,0.04150900393176557,3,20
walker2d-medium-replay-v2,rnn,28,2.1497226511893266,0.07537200188939525,0.043516045580203326,3,20
walker2d-medium-replay-v2,rnn,29,2.2276577839853844,0.08027843638877971,0.04634877685918422,3,20
walker2d-medium-replay-v2,rnn,30,2.314852548134627,0.08043348630057977,0.04643829496749981,3,20
walker2d-medium-replay-v2,rnn,31,2.407660621147826,0.09105719770487798,0.05257189760656428,3,20
walker2d-medium-replay-v2,rnn,32,2.495833224656387,0.08474945710086622,0.04893012187085975,3,20
walker2d-medium-replay-v2,rnn,33,2.5915976231464617,0.08406348037370379,0.0485340730227747,3,20
walker2d-medium-replay-v2,rnn,34,2.6818717760678155,0.09583130441464885,0.05532822940059049,3,20
walker2d-medium-replay-v2,rnn,35,2.7778448141441694,0.10393532618992711,0.06000708855406598,3,20
walker2d-medium-replay-v2,rnn,36,2.883348235503614,0.1050665379363967,0.06066019396040066,3,20
walker2d-medium-replay-v2,rnn,37,2.9813181913356783,0.11546368105007679,0.06666298733588692,3,20
walker2d-medium-replay-v2,rnn,38,3.0723107437942265,0.13273095275199542,0.07663225130116007,3,20
walker2d-medium-replay-v2,rnn,39,3.1750951500548017,0.14773439772502736,0.0852944942951118,3,20
walker2d-medium-replay-v2,rnn,40,3.2736392489790727,0.1569695186468458,0.09062639384532241,3,20
walker2d-medium-replay-v2,rnn,41,3.3664530081397257,0.16392495065747903,0.09464211438899164,3,20
walker2d-medium-replay-v2,rnn,42,3.456206094209646,0.17233935896121022,0.09950017528822228,3,20
walker2d-medium-replay-v2,rnn,43,3.5514418329951103,0.18706904929595558,0.10800436596806734,3,20
walker2d-medium-replay-v2,rnn,44,3.637437591380019,0.2038763700993581,0.11770807715826818,3,20
walker2d-medium-replay-v2,rnn,45,3.72663949953627,0.2120995584517382,0.12245573716711182,3,20
walker2d-medium-replay-v2,rnn,46,3.821852095310509,0.2153887835529976,0.1243547721647492,3,20
walker2d-medium-replay-v2,rnn,47,3.914779191880688,0.23019810607942554,0.13290493851189836,3,20
walker2d-medium-replay-v2,rnn,48,3.998698441658219,0.23596944337216486,0.13623702165144555,3,20
walker2d-medium-replay-v2,rnn,49,4.095100371111885,0.24451327313178617,0.14116980406307325,3,20
walker2d-medium-replay-v2,rnn,50,4.184984524191114,0.2476998794990003,0.1430095921069857,3,20
walker2d-medium-replay-v2,rnn,51,4.2751196183423135,0.25943928759269513,0.14978734253000728,3,20
walker2d-medium-replay-v2,rnn,52,4.364682438408976,0.26695280776538144,0.1541252754242694,3,20
walker2d-medium-replay-v2,rnn,53,4.45402554740959,0.2755076370504749,0.1590644084148894,3,20
walker2d-medium-replay-v2,rnn,54,4.557281275072776,0.27082515331079055,0.1563609751673066,3,20
walker2d-medium-replay-v2,rnn,55,4.657755052399121,0.2802562410809616,0.16180601623016583,3,20
walker2d-medium-replay-v2,rnn,56,4.746850646632141,0.2863333076056023,0.16531461222405044,3,20
walker2d-medium-replay-v2,rnn,57,4.836500054998676,0.2938201554207215,0.16963714582549125,3,20
walker2d-medium-replay-v2,rnn,58,4.925776375381161,0.30026689901141096,0.1733591749729723,3,20
walker2d-medium-replay-v2,rnn,59,5.022859383373912,0.3036460014240105,0.17531010066050595,3,20
walker2d-medium-replay-v2,rnn,60,5.127876304116319,0.31474385111084796,0.18171744716462757,3,20
walker2d-medium-replay-v2,rnn,61,5.230824423647683,0.32091878680288316,0.18528254794865273,3,20
walker2d-medium-replay-v2,rnn,62,5.332783096958728,0.32727388212807706,0.18895166394537916,3,20
walker2d-medium-replay-v2,rnn,63,5.435557394318707,0.33084630465913073,0.19101420305534209,3,20
walker2d-medium-replay-v2,rnn,64,5.535371257972289,0.34098395956222494,0.19686718084259505,3,20
walker2d-medium-replay-v2,rnn,65,5.640864378397667,0.3521670559557963,0.203323744555797,3,20
walker2d-medium-replay-v2,rnn,66,5.736595731490705,0.36464452884261944,0.2105276168858106,3,20
walker2d-medium-replay-v2,rnn,67,5.840551562299964,0.3848578143174833,0.22219776269593,3,20
walker2d-medium-replay-v2,rnn,68,5.934120276093327,0.3996248012045034,0.23072348655027072,3,20
walker2d-medium-replay-v2,rnn,69,6.038634081767088,0.40571314639971073,0.23423859428764304,3,20
walker2d-medium-replay-v2,rnn,70,6.143892229592424,0.4146534765113756,0.23940029628425685,3,20
walker2d-medium-replay-v2,rnn,71,6.254246318774271,0.41993945703792707,0.2424521585641925,3,20
walker2d-medium-replay-v2,rnn,72,6.363081956684073,0.4302321777206358,0.248394663621048,3,20
walker2d-medium-replay-v2,rnn,73,6.480084859087462,0.4423280315809553,0.25537820810338185,3,20
walker2d-medium-replay-v2,rnn,74,6.599408007200697,0.45917443110759487,0.2651044814049632,3,20
walker2d-medium-replay-v2,rnn,75,6.706278172091449,0.4733984146821072,0.2733167021506567,3,20
walker2d-medium-replay-v2,rnn,76,6.821780839015258,0.4865152176123699,0.2808896918533511,3,20
walker2d-medium-replay-v2,rnn,77,6.94375173345452,0.4991172753003275,0.28816549325183666,3,20
walker2d-medium-replay-v2,rnn,78,7.075939868306668,0.5221238015412616,0.30144831737015815,3,20
walker2d-medium-replay-v2,rnn,79,7.197955596648344,0.532439289302281,0.30740396700580497,3,20
walker2d-medium-replay-v2,rnn,80,7.328268818510348,0.5377150645573476,0.31044993726950165,3,20
walker2d-medium-replay-v2,rnn,81,7.463887268171466,0.5494199506557521,0.3172077564092494,3,20
walker2d-medium-replay-v2,rnn,82,7.606016430018136,0.5640902152077127,0.3256776375974069,3,20
walker2d-medium-replay-v2,rnn,83,7.752715659117264,0.5788605940972952,0.3342053198253401,3,20
walker2d-medium-replay-v2,rnn,84,7.8822546378011635,0.5915190430682916,0.34151367874626803,3,20
walker2d-medium-replay-v2,rnn,85,8.020087679507597,0.6108656166811208,0.35268342822953186,3,20
walker2d-medium-replay-v2,rnn,86,8.157663245264283,0.6289053636133309,0.36309868097695613,3,20
walker2d-medium-replay-v2,rnn,87,8.326970119020507,0.6623386131518759,0.382401376597919,3,20
walker2d-medium-replay-v2,rnn,88,8.456420295794358,0.6556340043023877,0.37853046887385583,3,20
walker2d-medium-replay-v2,rnn,89,8.613845311500908,0.6835622817998706,0.3946548674050301,3,20
walker2d-medium-replay-v2,rnn,90,8.774346006034373,0.6991843204989963,0.4036742556532611,3,20
walker2d-medium-replay-v2,rnn,91,8.928682512873744,0.7310383261511025,0.4220651743912725,3,20
walker2d-medium-replay-v2,rnn,92,9.104467513414656,0.7770933570419706,0.4486550588736517,3,20
walker2d-medium-replay-v2,rnn,93,9.281229328051282,0.8165693298665085,0.47144652241042106,3,20
walker2d-medium-replay-v2,rnn,94,9.464289290604205,0.859702624402781,0.49634954162197337,3,20
walker2d-medium-replay-v2,rnn,95,9.65311149868085,0.8873920028182009,0.5123360117038095,3,20
walker2d-medium-replay-v2,rnn,96,9.854180545557123,0.9392790123422252,0.5422929906199496,3,20
walker2d-medium-replay-v2,rnn,97,10.068930557685222,0.9704140554877987,0.560268816161277,3,20
walker2d-medium-replay-v2,rnn,98,10.301104098364997,1.0403047141589254,0.6006202067588923,3,20
walker2d-medium-replay-v2,rnn,99,10.502083787422135,1.0760449598911817,0.6212548472533138,3,20
walker2d-medium-replay-v2,rnn,100,10.740430666678954,1.1416100455521492,0.6591088671091143,3,20
